Workbook
Name WeekEnd: '15 Chart data'!$C$22
Name WeekNo: '02 Dashboard'!$C$4
Name WeekReports: '15 Chart data'!$C$23
Name WeekStart: '15 Chart data'!$C$21

Sheet 00 Start
B2: Daily site report | F2: The Project Control Hub
B3: The record nobody reads until a claim, an incident or a test result needs it. Make it one that stands.
B4: The Project Control Hub · free template · example: the example project, 2 to 13 March
B7: EVERY DAY, IN FIVE STEPS · type each fact once, in a log; the report and the Dashboard read from there
B8: 1 | C8: 03 Day log → | D8: One line for the day: report no., time issued, weather, rainfall, working day, prepared by. | E8: 1 minute
B9: 2 | C9: 04 Resource log → | D9: Every crew and every machine, each against its P6 activity ID: number, hours, idle reason. | E9: 5 minutes
B10: 3 | C10: 05 Work done log → | D10: The quantity done on each P6 activity, and where it came from: counted, estimated or not yet reported. | E10: 5 minutes
B11: 4 | C11: 06 Event log → | D11: Events, instructions and delays; deliveries in the Delivery log, safety in the Safety log. A claim? Notice calendar. | E11: 3 minutes
B12: 5 | C12: 01 Daily report → | D12: Pick the date in B5: the report builds itself. Blanks go to Not yet reported, corrections to the Revision log. | E12: 1 minute
B14: COUNTED, OR REMEMBERED?
C15: Counted | D15: Somebody measured it today: the survey, the store, the attendance sheet.
C16: Estimated | D16: A foreman’s figure. Allowed, but labelled, and measured later.
C17: Not yet reported | D17: The day has not finished producing it. A visible blank beats a quiet wrong number.
B19: TWO WAYS TO JUDGE A DAILY REPORT
C20: Went out on time | D20: Easy to measure, easy to hit, and easy to game by sending an emptier report earlier.
C21: Never revised after | D21: Cannot be gamed by hurrying. The Dashboard shows both; the second is the one that matters.
B23: HOW TO READ THE CELLS
C24: Yellow, blue text | D24: Yours to fill in: only in the log sheets, Setup, Contract hours and P6 activities.
C25: White, black text | D25: A formula. Leave it alone and it keeps working. The Daily report and Dashboard are all formulas.
C26: Red | D26: Lost day, not reported, overdue, or an event that could become a claim.
B28: WHAT IS IN THIS FILE
C29: READ AND SEND · built for you
C30: 01 Daily report | D30: A view, not a form: pick a date and it fills itself from the logs. Ready to send.
C31: 02 Dashboard | D31: The week, picked in C4: six numbers, productivity, four charts, quantities, key events.
C32: EVERY DAY · type the facts
C33: 03 Day log | D33: One line a day: the header facts. People, plant, events and claims fill themselves.
C34: 04 Resource log | D34: Every crew and machine against its P6 activity: man-hours and machine-hours.
C35: 05 Work done log | D35: One line per P6 activity per day: quantities, with their source.
C36: 06 Event log | D36: Events, instructions, delays and visitors, with the P6 activity affected.
C37: 07 Delivery log | D37: Every delivery, with delivery note, short or damaged, and its P6 activity.
C38: 08 Safety log | D38: Incidents, near misses, toolbox talks and inspections.
C39: FOLLOW UP · close the gaps
C40: 09 Not yet reported | D40: Explicit blanks, followed up until closed.
C41: 10 Revision log | D41: Every correction, with the old value, the new one and why.
C42: 11 Notice calendar | D42: Every event that could become a claim, with its notice deadline.
C43: ONCE PER PROJECT · set up
C44: 12 P6 activities | D44: The Primavera P6 activity list: paste your P6 export here. Every drop-down reads from it.
C45: 13 Contract hours | D45: Contract quantity and man-hours per P6 activity: the baseline for productivity.
C46: 14 Setup | D46: The deadline, the notice period and every drop-down list.
C47: 15 Chart data | D47: Locked calculations behind the Dashboard charts. Nothing to type here.
B49: EXPLAINED IN
C50: Reporting Topic 17 · The daily report
C51: Contract Topic 1 · The notice behind the entitlement
B53: Example: ten working days of the example project, 2 to 13 March 2026. Tuesday 3 March is logged in full (crews, plant, quantities, events): the day the piling rig hit rock at P17 and P18 and the email to the resident engineer went unanswered except for "noted, discuss Thursday" (Contract Topic 1). Other days keep totals only. P6 IDs, headcounts, quantities, contract hours and weather are illustrative.
B57: Free to use and adapt on your own projects. https://theprojectcontrolhub.com/

Sheet 01 Daily report
A1: Daily site report | H1: The Project Control Hub
A2: One day, on one page. Every figure says where it came from.
A3: Pick the date in B5. Everything on this page is pulled from the logs: type the facts once, in the Day log, Resource log, Work done log, Delivery log, Event log and Safety log.
A4: =IF($B$5="","Pick a date in B5",IF(COUNTIF('03 Day log'!$A$8:$A$38,$B$5)=0,"⚠ This date is not in the Day log yet: add the day there first","Built automatically from the logs for the date in B5. Change the facts in the logs, not here.")) -> Built automatically from the logs for the date in B5. Change the facts in the logs, not here.
A5: Date | B5: 46084 | E5: Revision | F5: =IF(B5="","",COUNTIF('10 Revision log'!$A$7:$A$56,B5)) -> 1 | G5: raised by each line on the Revision log
A6: Report no. | B6: =IF($B$5="","",IFERROR(_xlfn.LET(_xlpm.v,INDEX('03 Day log'!$B$8:$B$38,MATCH($B$5,'03 Day log'!$A$8:$A$38,0)),IF(_xlpm.v="","",_xlpm.v)),"")) -> 41 | E6: Due by | F6: ='14 Setup'!B7 -> 0.58333333
A7: Issued at | B7: =IF($B$5="","",IFERROR(_xlfn.LET(_xlpm.v,INDEX('03 Day log'!$C$8:$C$38,MATCH($B$5,'03 Day log'!$A$8:$A$38,0)),IF(_xlpm.v="","",_xlpm.v)),"")) -> 0.58333333 | E7: On time? | F7: =IF(OR(B7="",F6=""),"",IF(B7<=F6,"✔ on time","Late by "&TEXT(B7-F6,"h:mm"))) -> ✔ on time
A8: Weather, morning | B8: =IF($B$5="","",IFERROR(_xlfn.LET(_xlpm.v,INDEX('03 Day log'!$M$8:$M$38,MATCH($B$5,'03 Day log'!$A$8:$A$38,0)),IF(_xlpm.v="","",_xlpm.v)),"")) -> Dry | E8: Prepared by | F8: =IF($B$5="","",IFERROR(_xlfn.LET(_xlpm.v,INDEX('03 Day log'!$Q$8:$Q$38,MATCH($B$5,'03 Day log'!$A$8:$A$38,0)),IF(_xlpm.v="","",_xlpm.v)),"")) -> Site engineer
A9: Weather, afternoon | B9: =IF($B$5="","",IFERROR(_xlfn.LET(_xlpm.v,INDEX('03 Day log'!$N$8:$N$38,MATCH($B$5,'03 Day log'!$A$8:$A$38,0)),IF(_xlpm.v="","",_xlpm.v)),"")) -> Rain | E9: Checked by | F9: =IF($B$5="","",IFERROR(_xlfn.LET(_xlpm.v,INDEX('03 Day log'!$R$8:$R$38,MATCH($B$5,'03 Day log'!$A$8:$A$38,0)),IF(_xlpm.v="","",_xlpm.v)),""))
A10: Working conditions | B10: =IF($B$5="","",IFERROR(_xlfn.LET(_xlpm.v,INDEX('03 Day log'!$G$8:$G$38,MATCH($B$5,'03 Day log'!$A$8:$A$38,0)),IF(_xlpm.v="","",_xlpm.v)),"")) -> Part lost | E10: Project | F10: ='14 Setup'!B6 -> Example project
A11: Rainfall (mm) | B11: =IF($B$5="","",IFERROR(_xlfn.LET(_xlpm.v,INDEX('03 Day log'!$O$8:$O$38,MATCH($B$5,'03 Day log'!$A$8:$A$38,0)),IF(_xlpm.v="","",_xlpm.v)),"")) | E11: Temp. (°C) | F11: =IF($B$5="","",IFERROR(_xlfn.LET(_xlpm.v,INDEX('03 Day log'!$P$8:$P$38,MATCH($B$5,'03 Day log'!$A$8:$A$38,0)),IF(_xlpm.v="","",_xlpm.v)),"")) -> 6
A13: LABOUR | H13: =IF($B$5="","",IF(COUNTIFS('04 Resource log'!$A$7:$A$506,$B$5,'04 Resource log'!$E$7:$E$506,"Labour")>10,"⚠ "&COUNTIFS('04 Resource log'!$A$7:$A$506,$B$5,'04 Resource log'!$E$7:$E$506,"Labour")&" lines in the Resource log: only 10 fit here",""))
A14: Company | B14: Trade | C14: Headcount | D14: Hours each | E14: Man-hours | F14: P6 Activity ID | G14: Note
A15: {=IF($B$5="","",IFERROR(_xlfn.LET(_xlpm.v,INDEX(_xlfn._xlws.FILTER('04 Resource log'!$G$7:$G$506,('04 Resource log'!$A$7:$A$506=$B$5)*('04 Resource log'!$E$7:$E$506="Labour")),ROWS($A$15:A15)),IF(_xlpm.v="","",_xlpm.v)),""))} -> Piling sub | B15: {=IF($B$5="","",IFERROR(_xlfn.LET(_xlpm.v,INDEX(_xlfn._xlws.FILTER('04 Resource log'!$F$7:$F$506,('04 Resource log'!$A$7:$A$506=$B$5)*('04 Resource log'!$E$7:$E$506="Labour")),ROWS($A$15:A15)),IF(_xlpm.v="","",_xlpm.v)),""))} -> Piling crew | C15: {=IF($B$5="","",IFERROR(_xlfn.LET(_xlpm.v,INDEX(_xlfn._xlws.FILTER('04 Resource log'!$H$7:$H$506,('04 Resource log'!$A$7:$A$506=$B$5)*('04 Resource log'!$E$7:$E$506="Labour")),ROWS($A$15:A15)),IF(_xlpm.v="","",_xlpm.v)),""))} -> 6 | D15: {=IF($B$5="","",IFERROR(_xlfn.LET(_xlpm.v,INDEX(_xlfn._xlws.FILTER('04 Resource log'!$I$7:$I$506,('04 Resource log'!$A$7:$A$506=$B$5)*('04 Resource log'!$E$7:$E$506="Labour")),ROWS($A$15:A15)),IF(_xlpm.v="","",_xlpm.v)),""))} -> 9 | E15: =IF(OR(C15="",D15=""),"",C15*D15) -> 54 | F15: {=IF($B$5="","",IFERROR(_xlfn.LET(_xlpm.v,INDEX(_xlfn._xlws.FILTER('04 Resource log'!$B$7:$B$506,('04 Resource log'!$A$7:$A$506=$B$5)*('04 Resource log'!$E$7:$E$506="Labour")),ROWS($A$15:A15)),IF(_xlpm.v="","",_xlpm.v)),""))} -> A1000
A16: {=IF($B$5="","",IFERROR(_xlfn.LET(_xlpm.v,INDEX(_xlfn._xlws.FILTER('04 Resource log'!$G$7:$G$506,('04 Resource log'!$A$7:$A$506=$B$5)*('04 Resource log'!$E$7:$E$506="Labour")),ROWS($A$15:A16)),IF(_xlpm.v="","",_xlpm.v)),""))} -> Rebar sub | B16: {=IF($B$5="","",IFERROR(_xlfn.LET(_xlpm.v,INDEX(_xlfn._xlws.FILTER('04 Resource log'!$F$7:$F$506,('04 Resource log'!$A$7:$A$506=$B$5)*('04 Resource log'!$E$7:$E$506="Labour")),ROWS($A$15:A16)),IF(_xlpm.v="","",_xlpm.v)),""))} -> Rebar gang | C16: {=IF($B$5="","",IFERROR(_xlfn.LET(_xlpm.v,INDEX(_xlfn._xlws.FILTER('04 Resource log'!$H$7:$H$506,('04 Resource log'!$A$7:$A$506=$B$5)*('04 Resource log'!$E$7:$E$506="Labour")),ROWS($A$15:A16)),IF(_xlpm.v="","",_xlpm.v)),""))} -> 8 | D16: {=IF($B$5="","",IFERROR(_xlfn.LET(_xlpm.v,INDEX(_xlfn._xlws.FILTER('04 Resource log'!$I$7:$I$506,('04 Resource log'!$A$7:$A$506=$B$5)*('04 Resource log'!$E$7:$E$506="Labour")),ROWS($A$15:A16)),IF(_xlpm.v="","",_xlpm.v)),""))} -> 9 | E16: =IF(OR(C16="",D16=""),"",C16*D16) -> 72 | F16: {=IF($B$5="","",IFERROR(_xlfn.LET(_xlpm.v,INDEX(_xlfn._xlws.FILTER('04 Resource log'!$B$7:$B$506,('04 Resource log'!$A$7:$A$506=$B$5)*('04 Resource log'!$E$7:$E$506="Labour")),ROWS($A$15:A16)),IF(_xlpm.v="","",_xlpm.v)),""))} -> A1100
A17: {=IF($B$5="","",IFERROR(_xlfn.LET(_xlpm.v,INDEX(_xlfn._xlws.FILTER('04 Resource log'!$G$7:$G$506,('04 Resource log'!$A$7:$A$506=$B$5)*('04 Resource log'!$E$7:$E$506="Labour")),ROWS($A$15:A17)),IF(_xlpm.v="","",_xlpm.v)),""))} -> Concrete sub | B17: {=IF($B$5="","",IFERROR(_xlfn.LET(_xlpm.v,INDEX(_xlfn._xlws.FILTER('04 Resource log'!$F$7:$F$506,('04 Resource log'!$A$7:$A$506=$B$5)*('04 Resource log'!$E$7:$E$506="Labour")),ROWS($A$15:A17)),IF(_xlpm.v="","",_xlpm.v)),""))} -> Concrete gang | C17: {=IF($B$5="","",IFERROR(_xlfn.LET(_xlpm.v,INDEX(_xlfn._xlws.FILTER('04 Resource log'!$H$7:$H$506,('04 Resource log'!$A$7:$A$506=$B$5)*('04 Resource log'!$E$7:$E$506="Labour")),ROWS($A$15:A17)),IF(_xlpm.v="","",_xlpm.v)),""))} -> 6 | D17: {=IF($B$5="","",IFERROR(_xlfn.LET(_xlpm.v,INDEX(_xlfn._xlws.FILTER('04 Resource log'!$I$7:$I$506,('04 Resource log'!$A$7:$A$506=$B$5)*('04 Resource log'!$E$7:$E$506="Labour")),ROWS($A$15:A17)),IF(_xlpm.v="","",_xlpm.v)),""))} -> 9 | E17: =IF(OR(C17="",D17=""),"",C17*D17) -> 54 | F17: {=IF($B$5="","",IFERROR(_xlfn.LET(_xlpm.v,INDEX(_xlfn._xlws.FILTER('04 Resource log'!$B$7:$B$506,('04 Resource log'!$A$7:$A$506=$B$5)*('04 Resource log'!$E$7:$E$506="Labour")),ROWS($A$15:A17)),IF(_xlpm.v="","",_xlpm.v)),""))} -> A1200
A18: {=IF($B$5="","",IFERROR(_xlfn.LET(_xlpm.v,INDEX(_xlfn._xlws.FILTER('04 Resource log'!$G$7:$G$506,('04 Resource log'!$A$7:$A$506=$B$5)*('04 Resource log'!$E$7:$E$506="Labour")),ROWS($A$15:A18)),IF(_xlpm.v="","",_xlpm.v)),""))} -> Groundworks | B18: {=IF($B$5="","",IFERROR(_xlfn.LET(_xlpm.v,INDEX(_xlfn._xlws.FILTER('04 Resource log'!$F$7:$F$506,('04 Resource log'!$A$7:$A$506=$B$5)*('04 Resource log'!$E$7:$E$506="Labour")),ROWS($A$15:A18)),IF(_xlpm.v="","",_xlpm.v)),""))} -> Groundworks | C18: {=IF($B$5="","",IFERROR(_xlfn.LET(_xlpm.v,INDEX(_xlfn._xlws.FILTER('04 Resource log'!$H$7:$H$506,('04 Resource log'!$A$7:$A$506=$B$5)*('04 Resource log'!$E$7:$E$506="Labour")),ROWS($A$15:A18)),IF(_xlpm.v="","",_xlpm.v)),""))} -> 5 | D18: {=IF($B$5="","",IFERROR(_xlfn.LET(_xlpm.v,INDEX(_xlfn._xlws.FILTER('04 Resource log'!$I$7:$I$506,('04 Resource log'!$A$7:$A$506=$B$5)*('04 Resource log'!$E$7:$E$506="Labour")),ROWS($A$15:A18)),IF(_xlpm.v="","",_xlpm.v)),""))} -> 9 | E18: =IF(OR(C18="",D18=""),"",C18*D18) -> 45 | F18: {=IF($B$5="","",IFERROR(_xlfn.LET(_xlpm.v,INDEX(_xlfn._xlws.FILTER('04 Resource log'!$B$7:$B$506,('04 Resource log'!$A$7:$A$506=$B$5)*('04 Resource log'!$E$7:$E$506="Labour")),ROWS($A$15:A18)),IF(_xlpm.v="","",_xlpm.v)),""))} -> A1300
A19: {=IF($B$5="","",IFERROR(_xlfn.LET(_xlpm.v,INDEX(_xlfn._xlws.FILTER('04 Resource log'!$G$7:$G$506,('04 Resource log'!$A$7:$A$506=$B$5)*('04 Resource log'!$E$7:$E$506="Labour")),ROWS($A$15:A19)),IF(_xlpm.v="","",_xlpm.v)),""))} -> Main contractor | B19: {=IF($B$5="","",IFERROR(_xlfn.LET(_xlpm.v,INDEX(_xlfn._xlws.FILTER('04 Resource log'!$F$7:$F$506,('04 Resource log'!$A$7:$A$506=$B$5)*('04 Resource log'!$E$7:$E$506="Labour")),ROWS($A$15:A19)),IF(_xlpm.v="","",_xlpm.v)),""))} -> Supervision | C19: {=IF($B$5="","",IFERROR(_xlfn.LET(_xlpm.v,INDEX(_xlfn._xlws.FILTER('04 Resource log'!$H$7:$H$506,('04 Resource log'!$A$7:$A$506=$B$5)*('04 Resource log'!$E$7:$E$506="Labour")),ROWS($A$15:A19)),IF(_xlpm.v="","",_xlpm.v)),""))} -> 3 | D19: {=IF($B$5="","",IFERROR(_xlfn.LET(_xlpm.v,INDEX(_xlfn._xlws.FILTER('04 Resource log'!$I$7:$I$506,('04 Resource log'!$A$7:$A$506=$B$5)*('04 Resource log'!$E$7:$E$506="Labour")),ROWS($A$15:A19)),IF(_xlpm.v="","",_xlpm.v)),""))} -> 10 | E19: =IF(OR(C19="",D19=""),"",C19*D19) -> 30 | F19: {=IF($B$5="","",IFERROR(_xlfn.LET(_xlpm.v,INDEX(_xlfn._xlws.FILTER('04 Resource log'!$B$7:$B$506,('04 Resource log'!$A$7:$A$506=$B$5)*('04 Resource log'!$E$7:$E$506="Labour")),ROWS($A$15:A19)),IF(_xlpm.v="","",_xlpm.v)),""))} -> INDIRECT
A20: {=IF($B$5="","",IFERROR(_xlfn.LET(_xlpm.v,INDEX(_xlfn._xlws.FILTER('04 Resource log'!$G$7:$G$506,('04 Resource log'!$A$7:$A$506=$B$5)*('04 Resource log'!$E$7:$E$506="Labour")),ROWS($A$15:A20)),IF(_xlpm.v="","",_xlpm.v)),""))} | B20: {=IF($B$5="","",IFERROR(_xlfn.LET(_xlpm.v,INDEX(_xlfn._xlws.FILTER('04 Resource log'!$F$7:$F$506,('04 Resource log'!$A$7:$A$506=$B$5)*('04 Resource log'!$E$7:$E$506="Labour")),ROWS($A$15:A20)),IF(_xlpm.v="","",_xlpm.v)),""))} | C20: {=IF($B$5="","",IFERROR(_xlfn.LET(_xlpm.v,INDEX(_xlfn._xlws.FILTER('04 Resource log'!$H$7:$H$506,('04 Resource log'!$A$7:$A$506=$B$5)*('04 Resource log'!$E$7:$E$506="Labour")),ROWS($A$15:A20)),IF(_xlpm.v="","",_xlpm.v)),""))} | D20: {=IF($B$5="","",IFERROR(_xlfn.LET(_xlpm.v,INDEX(_xlfn._xlws.FILTER('04 Resource log'!$I$7:$I$506,('04 Resource log'!$A$7:$A$506=$B$5)*('04 Resource log'!$E$7:$E$506="Labour")),ROWS($A$15:A20)),IF(_xlpm.v="","",_xlpm.v)),""))} | E20: =IF(OR(C20="",D20=""),"",C20*D20) | F20: {=IF($B$5="","",IFERROR(_xlfn.LET(_xlpm.v,INDEX(_xlfn._xlws.FILTER('04 Resource log'!$B$7:$B$506,('04 Resource log'!$A$7:$A$506=$B$5)*('04 Resource log'!$E$7:$E$506="Labour")),ROWS($A$15:A20)),IF(_xlpm.v="","",_xlpm.v)),""))}
A21: {=IF($B$5="","",IFERROR(_xlfn.LET(_xlpm.v,INDEX(_xlfn._xlws.FILTER('04 Resource log'!$G$7:$G$506,('04 Resource log'!$A$7:$A$506=$B$5)*('04 Resource log'!$E$7:$E$506="Labour")),ROWS($A$15:A21)),IF(_xlpm.v="","",_xlpm.v)),""))} | B21: {=IF($B$5="","",IFERROR(_xlfn.LET(_xlpm.v,INDEX(_xlfn._xlws.FILTER('04 Resource log'!$F$7:$F$506,('04 Resource log'!$A$7:$A$506=$B$5)*('04 Resource log'!$E$7:$E$506="Labour")),ROWS($A$15:A21)),IF(_xlpm.v="","",_xlpm.v)),""))} | C21: {=IF($B$5="","",IFERROR(_xlfn.LET(_xlpm.v,INDEX(_xlfn._xlws.FILTER('04 Resource log'!$H$7:$H$506,('04 Resource log'!$A$7:$A$506=$B$5)*('04 Resource log'!$E$7:$E$506="Labour")),ROWS($A$15:A21)),IF(_xlpm.v="","",_xlpm.v)),""))} | D21: {=IF($B$5="","",IFERROR(_xlfn.LET(_xlpm.v,INDEX(_xlfn._xlws.FILTER('04 Resource log'!$I$7:$I$506,('04 Resource log'!$A$7:$A$506=$B$5)*('04 Resource log'!$E$7:$E$506="Labour")),ROWS($A$15:A21)),IF(_xlpm.v="","",_xlpm.v)),""))} | E21: =IF(OR(C21="",D21=""),"",C21*D21) | F21: {=IF($B$5="","",IFERROR(_xlfn.LET(_xlpm.v,INDEX(_xlfn._xlws.FILTER('04 Resource log'!$B$7:$B$506,('04 Resource log'!$A$7:$A$506=$B$5)*('04 Resource log'!$E$7:$E$506="Labour")),ROWS($A$15:A21)),IF(_xlpm.v="","",_xlpm.v)),""))}
A22: {=IF($B$5="","",IFERROR(_xlfn.LET(_xlpm.v,INDEX(_xlfn._xlws.FILTER('04 Resource log'!$G$7:$G$506,('04 Resource log'!$A$7:$A$506=$B$5)*('04 Resource log'!$E$7:$E$506="Labour")),ROWS($A$15:A22)),IF(_xlpm.v="","",_xlpm.v)),""))} | B22: {=IF($B$5="","",IFERROR(_xlfn.LET(_xlpm.v,INDEX(_xlfn._xlws.FILTER('04 Resource log'!$F$7:$F$506,('04 Resource log'!$A$7:$A$506=$B$5)*('04 Resource log'!$E$7:$E$506="Labour")),ROWS($A$15:A22)),IF(_xlpm.v="","",_xlpm.v)),""))} | C22: {=IF($B$5="","",IFERROR(_xlfn.LET(_xlpm.v,INDEX(_xlfn._xlws.FILTER('04 Resource log'!$H$7:$H$506,('04 Resource log'!$A$7:$A$506=$B$5)*('04 Resource log'!$E$7:$E$506="Labour")),ROWS($A$15:A22)),IF(_xlpm.v="","",_xlpm.v)),""))} | D22: {=IF($B$5="","",IFERROR(_xlfn.LET(_xlpm.v,INDEX(_xlfn._xlws.FILTER('04 Resource log'!$I$7:$I$506,('04 Resource log'!$A$7:$A$506=$B$5)*('04 Resource log'!$E$7:$E$506="Labour")),ROWS($A$15:A22)),IF(_xlpm.v="","",_xlpm.v)),""))} | E22: =IF(OR(C22="",D22=""),"",C22*D22) | F22: {=IF($B$5="","",IFERROR(_xlfn.LET(_xlpm.v,INDEX(_xlfn._xlws.FILTER('04 Resource log'!$B$7:$B$506,('04 Resource log'!$A$7:$A$506=$B$5)*('04 Resource log'!$E$7:$E$506="Labour")),ROWS($A$15:A22)),IF(_xlpm.v="","",_xlpm.v)),""))}
A23: {=IF($B$5="","",IFERROR(_xlfn.LET(_xlpm.v,INDEX(_xlfn._xlws.FILTER('04 Resource log'!$G$7:$G$506,('04 Resource log'!$A$7:$A$506=$B$5)*('04 Resource log'!$E$7:$E$506="Labour")),ROWS($A$15:A23)),IF(_xlpm.v="","",_xlpm.v)),""))} | B23: {=IF($B$5="","",IFERROR(_xlfn.LET(_xlpm.v,INDEX(_xlfn._xlws.FILTER('04 Resource log'!$F$7:$F$506,('04 Resource log'!$A$7:$A$506=$B$5)*('04 Resource log'!$E$7:$E$506="Labour")),ROWS($A$15:A23)),IF(_xlpm.v="","",_xlpm.v)),""))} | C23: {=IF($B$5="","",IFERROR(_xlfn.LET(_xlpm.v,INDEX(_xlfn._xlws.FILTER('04 Resource log'!$H$7:$H$506,('04 Resource log'!$A$7:$A$506=$B$5)*('04 Resource log'!$E$7:$E$506="Labour")),ROWS($A$15:A23)),IF(_xlpm.v="","",_xlpm.v)),""))} | D23: {=IF($B$5="","",IFERROR(_xlfn.LET(_xlpm.v,INDEX(_xlfn._xlws.FILTER('04 Resource log'!$I$7:$I$506,('04 Resource log'!$A$7:$A$506=$B$5)*('04 Resource log'!$E$7:$E$506="Labour")),ROWS($A$15:A23)),IF(_xlpm.v="","",_xlpm.v)),""))} | E23: =IF(OR(C23="",D23=""),"",C23*D23) | F23: {=IF($B$5="","",IFERROR(_xlfn.LET(_xlpm.v,INDEX(_xlfn._xlws.FILTER('04 Resource log'!$B$7:$B$506,('04 Resource log'!$A$7:$A$506=$B$5)*('04 Resource log'!$E$7:$E$506="Labour")),ROWS($A$15:A23)),IF(_xlpm.v="","",_xlpm.v)),""))}
A24: {=IF($B$5="","",IFERROR(_xlfn.LET(_xlpm.v,INDEX(_xlfn._xlws.FILTER('04 Resource log'!$G$7:$G$506,('04 Resource log'!$A$7:$A$506=$B$5)*('04 Resource log'!$E$7:$E$506="Labour")),ROWS($A$15:A24)),IF(_xlpm.v="","",_xlpm.v)),""))} | B24: {=IF($B$5="","",IFERROR(_xlfn.LET(_xlpm.v,INDEX(_xlfn._xlws.FILTER('04 Resource log'!$F$7:$F$506,('04 Resource log'!$A$7:$A$506=$B$5)*('04 Resource log'!$E$7:$E$506="Labour")),ROWS($A$15:A24)),IF(_xlpm.v="","",_xlpm.v)),""))} | C24: {=IF($B$5="","",IFERROR(_xlfn.LET(_xlpm.v,INDEX(_xlfn._xlws.FILTER('04 Resource log'!$H$7:$H$506,('04 Resource log'!$A$7:$A$506=$B$5)*('04 Resource log'!$E$7:$E$506="Labour")),ROWS($A$15:A24)),IF(_xlpm.v="","",_xlpm.v)),""))} | D24: {=IF($B$5="","",IFERROR(_xlfn.LET(_xlpm.v,INDEX(_xlfn._xlws.FILTER('04 Resource log'!$I$7:$I$506,('04 Resource log'!$A$7:$A$506=$B$5)*('04 Resource log'!$E$7:$E$506="Labour")),ROWS($A$15:A24)),IF(_xlpm.v="","",_xlpm.v)),""))} | E24: =IF(OR(C24="",D24=""),"",C24*D24) | F24: {=IF($B$5="","",IFERROR(_xlfn.LET(_xlpm.v,INDEX(_xlfn._xlws.FILTER('04 Resource log'!$B$7:$B$506,('04 Resource log'!$A$7:$A$506=$B$5)*('04 Resource log'!$E$7:$E$506="Labour")),ROWS($A$15:A24)),IF(_xlpm.v="","",_xlpm.v)),""))}
B25: Total on site | C25: =SUM(C15:C24) -> 28 | E25: =SUM(E15:E24) -> 255
A27: PLANT | H27: =IF($B$5="","",IF(COUNTIFS('04 Resource log'!$A$7:$A$506,$B$5,'04 Resource log'!$E$7:$E$506,"Plant")>8,"⚠ "&COUNTIFS('04 Resource log'!$A$7:$A$506,$B$5,'04 Resource log'!$E$7:$E$506,"Plant")&" lines in the Resource log: only 8 fit here",""))
A28: Plant | C28: On site | D28: Working | E28: Idle | F28: P6 Activity ID | G28: Hours each | H28: Why idle
A29: {=IF($B$5="","",IFERROR(_xlfn.LET(_xlpm.v,INDEX(_xlfn._xlws.FILTER('04 Resource log'!$F$7:$F$506,('04 Resource log'!$A$7:$A$506=$B$5)*('04 Resource log'!$E$7:$E$506="Plant")),ROWS($A$29:A29)),IF(_xlpm.v="","",_xlpm.v)),""))} -> Piling rig | C29: {=IF($B$5="","",IFERROR(_xlfn.LET(_xlpm.v,INDEX(_xlfn._xlws.FILTER('04 Resource log'!$K$7:$K$506,('04 Resource log'!$A$7:$A$506=$B$5)*('04 Resource log'!$E$7:$E$506="Plant")),ROWS($A$29:A29)),IF(_xlpm.v="","",_xlpm.v)),""))} -> 1 | D29: {=IF($B$5="","",IFERROR(_xlfn.LET(_xlpm.v,INDEX(_xlfn._xlws.FILTER('04 Resource log'!$H$7:$H$506,('04 Resource log'!$A$7:$A$506=$B$5)*('04 Resource log'!$E$7:$E$506="Plant")),ROWS($A$29:A29)),IF(_xlpm.v="","",_xlpm.v)),""))} -> 1 | E29: =IF(OR(C29="",D29=""),"",C29-D29) -> 0 | F29: {=IF($B$5="","",IFERROR(_xlfn.LET(_xlpm.v,INDEX(_xlfn._xlws.FILTER('04 Resource log'!$B$7:$B$506,('04 Resource log'!$A$7:$A$506=$B$5)*('04 Resource log'!$E$7:$E$506="Plant")),ROWS($A$29:A29)),IF(_xlpm.v="","",_xlpm.v)),""))} -> A1000 | G29: {=IF($B$5="","",IFERROR(_xlfn.LET(_xlpm.v,INDEX(_xlfn._xlws.FILTER('04 Resource log'!$I$7:$I$506,('04 Resource log'!$A$7:$A$506=$B$5)*('04 Resource log'!$E$7:$E$506="Plant")),ROWS($A$29:A29)),IF(_xlpm.v="","",_xlpm.v)),""))} -> 9 | H29: {=IF($B$5="","",IFERROR(_xlfn.LET(_xlpm.v,INDEX(_xlfn._xlws.FILTER('04 Resource log'!$L$7:$L$506,('04 Resource log'!$A$7:$A$506=$B$5)*('04 Resource log'!$E$7:$E$506="Plant")),ROWS($A$29:A29)),IF(_xlpm.v="","",_xlpm.v)),""))}
A30: {=IF($B$5="","",IFERROR(_xlfn.LET(_xlpm.v,INDEX(_xlfn._xlws.FILTER('04 Resource log'!$F$7:$F$506,('04 Resource log'!$A$7:$A$506=$B$5)*('04 Resource log'!$E$7:$E$506="Plant")),ROWS($A$29:A30)),IF(_xlpm.v="","",_xlpm.v)),""))} -> Crawler crane | C30: {=IF($B$5="","",IFERROR(_xlfn.LET(_xlpm.v,INDEX(_xlfn._xlws.FILTER('04 Resource log'!$K$7:$K$506,('04 Resource log'!$A$7:$A$506=$B$5)*('04 Resource log'!$E$7:$E$506="Plant")),ROWS($A$29:A30)),IF(_xlpm.v="","",_xlpm.v)),""))} -> 1 | D30: {=IF($B$5="","",IFERROR(_xlfn.LET(_xlpm.v,INDEX(_xlfn._xlws.FILTER('04 Resource log'!$H$7:$H$506,('04 Resource log'!$A$7:$A$506=$B$5)*('04 Resource log'!$E$7:$E$506="Plant")),ROWS($A$29:A30)),IF(_xlpm.v="","",_xlpm.v)),""))} -> 1 | E30: =IF(OR(C30="",D30=""),"",C30-D30) -> 0 | F30: {=IF($B$5="","",IFERROR(_xlfn.LET(_xlpm.v,INDEX(_xlfn._xlws.FILTER('04 Resource log'!$B$7:$B$506,('04 Resource log'!$A$7:$A$506=$B$5)*('04 Resource log'!$E$7:$E$506="Plant")),ROWS($A$29:A30)),IF(_xlpm.v="","",_xlpm.v)),""))} -> A1100 | G30: {=IF($B$5="","",IFERROR(_xlfn.LET(_xlpm.v,INDEX(_xlfn._xlws.FILTER('04 Resource log'!$I$7:$I$506,('04 Resource log'!$A$7:$A$506=$B$5)*('04 Resource log'!$E$7:$E$506="Plant")),ROWS($A$29:A30)),IF(_xlpm.v="","",_xlpm.v)),""))} -> 9 | H30: {=IF($B$5="","",IFERROR(_xlfn.LET(_xlpm.v,INDEX(_xlfn._xlws.FILTER('04 Resource log'!$L$7:$L$506,('04 Resource log'!$A$7:$A$506=$B$5)*('04 Resource log'!$E$7:$E$506="Plant")),ROWS($A$29:A30)),IF(_xlpm.v="","",_xlpm.v)),""))}
A31: {=IF($B$5="","",IFERROR(_xlfn.LET(_xlpm.v,INDEX(_xlfn._xlws.FILTER('04 Resource log'!$F$7:$F$506,('04 Resource log'!$A$7:$A$506=$B$5)*('04 Resource log'!$E$7:$E$506="Plant")),ROWS($A$29:A31)),IF(_xlpm.v="","",_xlpm.v)),""))} -> Excavator | C31: {=IF($B$5="","",IFERROR(_xlfn.LET(_xlpm.v,INDEX(_xlfn._xlws.FILTER('04 Resource log'!$K$7:$K$506,('04 Resource log'!$A$7:$A$506=$B$5)*('04 Resource log'!$E$7:$E$506="Plant")),ROWS($A$29:A31)),IF(_xlpm.v="","",_xlpm.v)),""))} -> 2 | D31: {=IF($B$5="","",IFERROR(_xlfn.LET(_xlpm.v,INDEX(_xlfn._xlws.FILTER('04 Resource log'!$H$7:$H$506,('04 Resource log'!$A$7:$A$506=$B$5)*('04 Resource log'!$E$7:$E$506="Plant")),ROWS($A$29:A31)),IF(_xlpm.v="","",_xlpm.v)),""))} -> 1 | E31: =IF(OR(C31="",D31=""),"",C31-D31) -> 1 | F31: {=IF($B$5="","",IFERROR(_xlfn.LET(_xlpm.v,INDEX(_xlfn._xlws.FILTER('04 Resource log'!$B$7:$B$506,('04 Resource log'!$A$7:$A$506=$B$5)*('04 Resource log'!$E$7:$E$506="Plant")),ROWS($A$29:A31)),IF(_xlpm.v="","",_xlpm.v)),""))} -> A1300 | G31: {=IF($B$5="","",IFERROR(_xlfn.LET(_xlpm.v,INDEX(_xlfn._xlws.FILTER('04 Resource log'!$I$7:$I$506,('04 Resource log'!$A$7:$A$506=$B$5)*('04 Resource log'!$E$7:$E$506="Plant")),ROWS($A$29:A31)),IF(_xlpm.v="","",_xlpm.v)),""))} -> 9 | H31: {=IF($B$5="","",IFERROR(_xlfn.LET(_xlpm.v,INDEX(_xlfn._xlws.FILTER('04 Resource log'!$L$7:$L$506,('04 Resource log'!$A$7:$A$506=$B$5)*('04 Resource log'!$E$7:$E$506="Plant")),ROWS($A$29:A31)),IF(_xlpm.v="","",_xlpm.v)),""))} -> No operator
A32: {=IF($B$5="","",IFERROR(_xlfn.LET(_xlpm.v,INDEX(_xlfn._xlws.FILTER('04 Resource log'!$F$7:$F$506,('04 Resource log'!$A$7:$A$506=$B$5)*('04 Resource log'!$E$7:$E$506="Plant")),ROWS($A$29:A32)),IF(_xlpm.v="","",_xlpm.v)),""))} -> Concrete pump | C32: {=IF($B$5="","",IFERROR(_xlfn.LET(_xlpm.v,INDEX(_xlfn._xlws.FILTER('04 Resource log'!$K$7:$K$506,('04 Resource log'!$A$7:$A$506=$B$5)*('04 Resource log'!$E$7:$E$506="Plant")),ROWS($A$29:A32)),IF(_xlpm.v="","",_xlpm.v)),""))} -> 1 | D32: {=IF($B$5="","",IFERROR(_xlfn.LET(_xlpm.v,INDEX(_xlfn._xlws.FILTER('04 Resource log'!$H$7:$H$506,('04 Resource log'!$A$7:$A$506=$B$5)*('04 Resource log'!$E$7:$E$506="Plant")),ROWS($A$29:A32)),IF(_xlpm.v="","",_xlpm.v)),""))} -> 0 | E32: =IF(OR(C32="",D32=""),"",C32-D32) -> 1 | F32: {=IF($B$5="","",IFERROR(_xlfn.LET(_xlpm.v,INDEX(_xlfn._xlws.FILTER('04 Resource log'!$B$7:$B$506,('04 Resource log'!$A$7:$A$506=$B$5)*('04 Resource log'!$E$7:$E$506="Plant")),ROWS($A$29:A32)),IF(_xlpm.v="","",_xlpm.v)),""))} -> A1200 | G32: {=IF($B$5="","",IFERROR(_xlfn.LET(_xlpm.v,INDEX(_xlfn._xlws.FILTER('04 Resource log'!$I$7:$I$506,('04 Resource log'!$A$7:$A$506=$B$5)*('04 Resource log'!$E$7:$E$506="Plant")),ROWS($A$29:A32)),IF(_xlpm.v="","",_xlpm.v)),""))} -> 0 | H32: {=IF($B$5="","",IFERROR(_xlfn.LET(_xlpm.v,INDEX(_xlfn._xlws.FILTER('04 Resource log'!$L$7:$L$506,('04 Resource log'!$A$7:$A$506=$B$5)*('04 Resource log'!$E$7:$E$506="Plant")),ROWS($A$29:A32)),IF(_xlpm.v="","",_xlpm.v)),""))} -> Standby
A33: {=IF($B$5="","",IFERROR(_xlfn.LET(_xlpm.v,INDEX(_xlfn._xlws.FILTER('04 Resource log'!$F$7:$F$506,('04 Resource log'!$A$7:$A$506=$B$5)*('04 Resource log'!$E$7:$E$506="Plant")),ROWS($A$29:A33)),IF(_xlpm.v="","",_xlpm.v)),""))} | C33: {=IF($B$5="","",IFERROR(_xlfn.LET(_xlpm.v,INDEX(_xlfn._xlws.FILTER('04 Resource log'!$K$7:$K$506,('04 Resource log'!$A$7:$A$506=$B$5)*('04 Resource log'!$E$7:$E$506="Plant")),ROWS($A$29:A33)),IF(_xlpm.v="","",_xlpm.v)),""))} | D33: {=IF($B$5="","",IFERROR(_xlfn.LET(_xlpm.v,INDEX(_xlfn._xlws.FILTER('04 Resource log'!$H$7:$H$506,('04 Resource log'!$A$7:$A$506=$B$5)*('04 Resource log'!$E$7:$E$506="Plant")),ROWS($A$29:A33)),IF(_xlpm.v="","",_xlpm.v)),""))} | E33: =IF(OR(C33="",D33=""),"",C33-D33) | F33: {=IF($B$5="","",IFERROR(_xlfn.LET(_xlpm.v,INDEX(_xlfn._xlws.FILTER('04 Resource log'!$B$7:$B$506,('04 Resource log'!$A$7:$A$506=$B$5)*('04 Resource log'!$E$7:$E$506="Plant")),ROWS($A$29:A33)),IF(_xlpm.v="","",_xlpm.v)),""))} | G33: {=IF($B$5="","",IFERROR(_xlfn.LET(_xlpm.v,INDEX(_xlfn._xlws.FILTER('04 Resource log'!$I$7:$I$506,('04 Resource log'!$A$7:$A$506=$B$5)*('04 Resource log'!$E$7:$E$506="Plant")),ROWS($A$29:A33)),IF(_xlpm.v="","",_xlpm.v)),""))} | H33: {=IF($B$5="","",IFERROR(_xlfn.LET(_xlpm.v,INDEX(_xlfn._xlws.FILTER('04 Resource log'!$L$7:$L$506,('04 Resource log'!$A$7:$A$506=$B$5)*('04 Resource log'!$E$7:$E$506="Plant")),ROWS($A$29:A33)),IF(_xlpm.v="","",_xlpm.v)),""))}
A34: {=IF($B$5="","",IFERROR(_xlfn.LET(_xlpm.v,INDEX(_xlfn._xlws.FILTER('04 Resource log'!$F$7:$F$506,('04 Resource log'!$A$7:$A$506=$B$5)*('04 Resource log'!$E$7:$E$506="Plant")),ROWS($A$29:A34)),IF(_xlpm.v="","",_xlpm.v)),""))} | C34: {=IF($B$5="","",IFERROR(_xlfn.LET(_xlpm.v,INDEX(_xlfn._xlws.FILTER('04 Resource log'!$K$7:$K$506,('04 Resource log'!$A$7:$A$506=$B$5)*('04 Resource log'!$E$7:$E$506="Plant")),ROWS($A$29:A34)),IF(_xlpm.v="","",_xlpm.v)),""))} | D34: {=IF($B$5="","",IFERROR(_xlfn.LET(_xlpm.v,INDEX(_xlfn._xlws.FILTER('04 Resource log'!$H$7:$H$506,('04 Resource log'!$A$7:$A$506=$B$5)*('04 Resource log'!$E$7:$E$506="Plant")),ROWS($A$29:A34)),IF(_xlpm.v="","",_xlpm.v)),""))} | E34: =IF(OR(C34="",D34=""),"",C34-D34) | F34: {=IF($B$5="","",IFERROR(_xlfn.LET(_xlpm.v,INDEX(_xlfn._xlws.FILTER('04 Resource log'!$B$7:$B$506,('04 Resource log'!$A$7:$A$506=$B$5)*('04 Resource log'!$E$7:$E$506="Plant")),ROWS($A$29:A34)),IF(_xlpm.v="","",_xlpm.v)),""))} | G34: {=IF($B$5="","",IFERROR(_xlfn.LET(_xlpm.v,INDEX(_xlfn._xlws.FILTER('04 Resource log'!$I$7:$I$506,('04 Resource log'!$A$7:$A$506=$B$5)*('04 Resource log'!$E$7:$E$506="Plant")),ROWS($A$29:A34)),IF(_xlpm.v="","",_xlpm.v)),""))} | H34: {=IF($B$5="","",IFERROR(_xlfn.LET(_xlpm.v,INDEX(_xlfn._xlws.FILTER('04 Resource log'!$L$7:$L$506,('04 Resource log'!$A$7:$A$506=$B$5)*('04 Resource log'!$E$7:$E$506="Plant")),ROWS($A$29:A34)),IF(_xlpm.v="","",_xlpm.v)),""))}
A35: {=IF($B$5="","",IFERROR(_xlfn.LET(_xlpm.v,INDEX(_xlfn._xlws.FILTER('04 Resource log'!$F$7:$F$506,('04 Resource log'!$A$7:$A$506=$B$5)*('04 Resource log'!$E$7:$E$506="Plant")),ROWS($A$29:A35)),IF(_xlpm.v="","",_xlpm.v)),""))} | C35: {=IF($B$5="","",IFERROR(_xlfn.LET(_xlpm.v,INDEX(_xlfn._xlws.FILTER('04 Resource log'!$K$7:$K$506,('04 Resource log'!$A$7:$A$506=$B$5)*('04 Resource log'!$E$7:$E$506="Plant")),ROWS($A$29:A35)),IF(_xlpm.v="","",_xlpm.v)),""))} | D35: {=IF($B$5="","",IFERROR(_xlfn.LET(_xlpm.v,INDEX(_xlfn._xlws.FILTER('04 Resource log'!$H$7:$H$506,('04 Resource log'!$A$7:$A$506=$B$5)*('04 Resource log'!$E$7:$E$506="Plant")),ROWS($A$29:A35)),IF(_xlpm.v="","",_xlpm.v)),""))} | E35: =IF(OR(C35="",D35=""),"",C35-D35) | F35: {=IF($B$5="","",IFERROR(_xlfn.LET(_xlpm.v,INDEX(_xlfn._xlws.FILTER('04 Resource log'!$B$7:$B$506,('04 Resource log'!$A$7:$A$506=$B$5)*('04 Resource log'!$E$7:$E$506="Plant")),ROWS($A$29:A35)),IF(_xlpm.v="","",_xlpm.v)),""))} | G35: {=IF($B$5="","",IFERROR(_xlfn.LET(_xlpm.v,INDEX(_xlfn._xlws.FILTER('04 Resource log'!$I$7:$I$506,('04 Resource log'!$A$7:$A$506=$B$5)*('04 Resource log'!$E$7:$E$506="Plant")),ROWS($A$29:A35)),IF(_xlpm.v="","",_xlpm.v)),""))} | H35: {=IF($B$5="","",IFERROR(_xlfn.LET(_xlpm.v,INDEX(_xlfn._xlws.FILTER('04 Resource log'!$L$7:$L$506,('04 Resource log'!$A$7:$A$506=$B$5)*('04 Resource log'!$E$7:$E$506="Plant")),ROWS($A$29:A35)),IF(_xlpm.v="","",_xlpm.v)),""))}
A36: {=IF($B$5="","",IFERROR(_xlfn.LET(_xlpm.v,INDEX(_xlfn._xlws.FILTER('04 Resource log'!$F$7:$F$506,('04 Resource log'!$A$7:$A$506=$B$5)*('04 Resource log'!$E$7:$E$506="Plant")),ROWS($A$29:A36)),IF(_xlpm.v="","",_xlpm.v)),""))} | C36: {=IF($B$5="","",IFERROR(_xlfn.LET(_xlpm.v,INDEX(_xlfn._xlws.FILTER('04 Resource log'!$K$7:$K$506,('04 Resource log'!$A$7:$A$506=$B$5)*('04 Resource log'!$E$7:$E$506="Plant")),ROWS($A$29:A36)),IF(_xlpm.v="","",_xlpm.v)),""))} | D36: {=IF($B$5="","",IFERROR(_xlfn.LET(_xlpm.v,INDEX(_xlfn._xlws.FILTER('04 Resource log'!$H$7:$H$506,('04 Resource log'!$A$7:$A$506=$B$5)*('04 Resource log'!$E$7:$E$506="Plant")),ROWS($A$29:A36)),IF(_xlpm.v="","",_xlpm.v)),""))} | E36: =IF(OR(C36="",D36=""),"",C36-D36) | F36: {=IF($B$5="","",IFERROR(_xlfn.LET(_xlpm.v,INDEX(_xlfn._xlws.FILTER('04 Resource log'!$B$7:$B$506,('04 Resource log'!$A$7:$A$506=$B$5)*('04 Resource log'!$E$7:$E$506="Plant")),ROWS($A$29:A36)),IF(_xlpm.v="","",_xlpm.v)),""))} | G36: {=IF($B$5="","",IFERROR(_xlfn.LET(_xlpm.v,INDEX(_xlfn._xlws.FILTER('04 Resource log'!$I$7:$I$506,('04 Resource log'!$A$7:$A$506=$B$5)*('04 Resource log'!$E$7:$E$506="Plant")),ROWS($A$29:A36)),IF(_xlpm.v="","",_xlpm.v)),""))} | H36: {=IF($B$5="","",IFERROR(_xlfn.LET(_xlpm.v,INDEX(_xlfn._xlws.FILTER('04 Resource log'!$L$7:$L$506,('04 Resource log'!$A$7:$A$506=$B$5)*('04 Resource log'!$E$7:$E$506="Plant")),ROWS($A$29:A36)),IF(_xlpm.v="","",_xlpm.v)),""))}
B37: Working | D37: =SUM(D29:D36) -> 3 | E37: =SUM(E29:E36) -> 2 | G37: =SUMPRODUCT(D29:D36,G29:G36) -> 27 | H37: machine-hours
A39: WORK DONE | H39: =IF($B$5="","",IF(COUNTIFS('05 Work done log'!$A$7:$A$506,$B$5)>12,"⚠ "&COUNTIFS('05 Work done log'!$A$7:$A$506,$B$5)&" lines in the Work done log: only 12 fit here",""))
A40: P6 Activity ID | B40: Activity | C40: Location | D40: Quantity | E40: Unit | F40: Source | G40: Comment
A41: {=IF($B$5="","",IFERROR(_xlfn.LET(_xlpm.v,INDEX(_xlfn._xlws.FILTER('05 Work done log'!$B$7:$B$506,'05 Work done log'!$A$7:$A$506=$B$5),ROWS($A$41:A41)),IF(_xlpm.v="","",_xlpm.v)),""))} -> A1000 | B41: =IF(A41="","",IFERROR(INDEX('12 P6 activities'!$B$7:$B$206,MATCH(A41,'12 P6 activities'!$A$7:$A$206,0)),"ID not in P6 list")) -> Bored piles, north | C41: {=IF($B$5="","",IFERROR(_xlfn.LET(_xlpm.v,INDEX(_xlfn._xlws.FILTER('05 Work done log'!$E$7:$E$506,'05 Work done log'!$A$7:$A$506=$B$5),ROWS($A$41:A41)),IF(_xlpm.v="","",_xlpm.v)),""))} -> North piling area | D41: {=IF($B$5="","",IFERROR(_xlfn.LET(_xlpm.v,INDEX(_xlfn._xlws.FILTER('05 Work done log'!$F$7:$F$506,'05 Work done log'!$A$7:$A$506=$B$5),ROWS($A$41:A41)),IF(_xlpm.v="","",_xlpm.v)),""))} -> 2 | E41: =IF(A41="","",IFERROR(INDEX('12 P6 activities'!$E$7:$E$206,MATCH(A41,'12 P6 activities'!$A$7:$A$206,0)),"")) -> no. | F41: {=IF($B$5="","",IFERROR(_xlfn.LET(_xlpm.v,INDEX(_xlfn._xlws.FILTER('05 Work done log'!$H$7:$H$506,'05 Work done log'!$A$7:$A$506=$B$5),ROWS($A$41:A41)),IF(_xlpm.v="","",_xlpm.v)),""))} -> Counted | G41: {=IF($B$5="","",IFERROR(_xlfn.LET(_xlpm.v,INDEX(_xlfn._xlws.FILTER('05 Work done log'!$I$7:$I$506,'05 Work done log'!$A$7:$A$506=$B$5),ROWS($A$41:A41)),IF(_xlpm.v="","",_xlpm.v)),""))} -> P17, P18. Penetration rate changed: see events
A42: {=IF($B$5="","",IFERROR(_xlfn.LET(_xlpm.v,INDEX(_xlfn._xlws.FILTER('05 Work done log'!$B$7:$B$506,'05 Work done log'!$A$7:$A$506=$B$5),ROWS($A$41:A42)),IF(_xlpm.v="","",_xlpm.v)),""))} -> A1100 | B42: =IF(A42="","",IFERROR(INDEX('12 P6 activities'!$B$7:$B$206,MATCH(A42,'12 P6 activities'!$A$7:$A$206,0)),"ID not in P6 list")) -> Raft reinforcement, bay 1 | C42: {=IF($B$5="","",IFERROR(_xlfn.LET(_xlpm.v,INDEX(_xlfn._xlws.FILTER('05 Work done log'!$E$7:$E$506,'05 Work done log'!$A$7:$A$506=$B$5),ROWS($A$41:A42)),IF(_xlpm.v="","",_xlpm.v)),""))} -> Raft bay 1 | D42: {=IF($B$5="","",IFERROR(_xlfn.LET(_xlpm.v,INDEX(_xlfn._xlws.FILTER('05 Work done log'!$F$7:$F$506,'05 Work done log'!$A$7:$A$506=$B$5),ROWS($A$41:A42)),IF(_xlpm.v="","",_xlpm.v)),""))} -> 3.5 | E42: =IF(A42="","",IFERROR(INDEX('12 P6 activities'!$E$7:$E$206,MATCH(A42,'12 P6 activities'!$A$7:$A$206,0)),"")) -> t | F42: {=IF($B$5="","",IFERROR(_xlfn.LET(_xlpm.v,INDEX(_xlfn._xlws.FILTER('05 Work done log'!$H$7:$H$506,'05 Work done log'!$A$7:$A$506=$B$5),ROWS($A$41:A42)),IF(_xlpm.v="","",_xlpm.v)),""))} -> Counted | G42: {=IF($B$5="","",IFERROR(_xlfn.LET(_xlpm.v,INDEX(_xlfn._xlws.FILTER('05 Work done log'!$I$7:$I$506,'05 Work done log'!$A$7:$A$506=$B$5),ROWS($A$41:A42)),IF(_xlpm.v="","",_xlpm.v)),""))} -> About 16 hours a tonne
A43: {=IF($B$5="","",IFERROR(_xlfn.LET(_xlpm.v,INDEX(_xlfn._xlws.FILTER('05 Work done log'!$B$7:$B$506,'05 Work done log'!$A$7:$A$506=$B$5),ROWS($A$41:A43)),IF(_xlpm.v="","",_xlpm.v)),""))} -> A1200 | B43: =IF(A43="","",IFERROR(INDEX('12 P6 activities'!$B$7:$B$206,MATCH(A43,'12 P6 activities'!$A$7:$A$206,0)),"ID not in P6 list")) -> Blinding, substation slab | C43: {=IF($B$5="","",IFERROR(_xlfn.LET(_xlpm.v,INDEX(_xlfn._xlws.FILTER('05 Work done log'!$E$7:$E$506,'05 Work done log'!$A$7:$A$506=$B$5),ROWS($A$41:A43)),IF(_xlpm.v="","",_xlpm.v)),""))} -> Substation slab | D43: {=IF($B$5="","",IFERROR(_xlfn.LET(_xlpm.v,INDEX(_xlfn._xlws.FILTER('05 Work done log'!$F$7:$F$506,'05 Work done log'!$A$7:$A$506=$B$5),ROWS($A$41:A43)),IF(_xlpm.v="","",_xlpm.v)),""))} -> 38 | E43: =IF(A43="","",IFERROR(INDEX('12 P6 activities'!$E$7:$E$206,MATCH(A43,'12 P6 activities'!$A$7:$A$206,0)),"")) -> m² | F43: {=IF($B$5="","",IFERROR(_xlfn.LET(_xlpm.v,INDEX(_xlfn._xlws.FILTER('05 Work done log'!$H$7:$H$506,'05 Work done log'!$A$7:$A$506=$B$5),ROWS($A$41:A43)),IF(_xlpm.v="","",_xlpm.v)),""))} -> Counted | G43: {=IF($B$5="","",IFERROR(_xlfn.LET(_xlpm.v,INDEX(_xlfn._xlws.FILTER('05 Work done log'!$I$7:$I$506,'05 Work done log'!$A$7:$A$506=$B$5),ROWS($A$41:A43)),IF(_xlpm.v="","",_xlpm.v)),""))} -> Survey completed next morning (revision 1)
A44: {=IF($B$5="","",IFERROR(_xlfn.LET(_xlpm.v,INDEX(_xlfn._xlws.FILTER('05 Work done log'!$B$7:$B$506,'05 Work done log'!$A$7:$A$506=$B$5),ROWS($A$41:A44)),IF(_xlpm.v="","",_xlpm.v)),""))} -> A1300 | B44: =IF(A44="","",IFERROR(INDEX('12 P6 activities'!$B$7:$B$206,MATCH(A44,'12 P6 activities'!$A$7:$A$206,0)),"ID not in P6 list")) -> Drainage run D2 | C44: {=IF($B$5="","",IFERROR(_xlfn.LET(_xlpm.v,INDEX(_xlfn._xlws.FILTER('05 Work done log'!$E$7:$E$506,'05 Work done log'!$A$7:$A$506=$B$5),ROWS($A$41:A44)),IF(_xlpm.v="","",_xlpm.v)),""))} -> East side | D44: {=IF($B$5="","",IFERROR(_xlfn.LET(_xlpm.v,INDEX(_xlfn._xlws.FILTER('05 Work done log'!$F$7:$F$506,'05 Work done log'!$A$7:$A$506=$B$5),ROWS($A$41:A44)),IF(_xlpm.v="","",_xlpm.v)),""))} -> 24 | E44: =IF(A44="","",IFERROR(INDEX('12 P6 activities'!$E$7:$E$206,MATCH(A44,'12 P6 activities'!$A$7:$A$206,0)),"")) -> m | F44: {=IF($B$5="","",IFERROR(_xlfn.LET(_xlpm.v,INDEX(_xlfn._xlws.FILTER('05 Work done log'!$H$7:$H$506,'05 Work done log'!$A$7:$A$506=$B$5),ROWS($A$41:A44)),IF(_xlpm.v="","",_xlpm.v)),""))} -> Estimated | G44: {=IF($B$5="","",IFERROR(_xlfn.LET(_xlpm.v,INDEX(_xlfn._xlws.FILTER('05 Work done log'!$I$7:$I$506,'05 Work done log'!$A$7:$A$506=$B$5),ROWS($A$41:A44)),IF(_xlpm.v="","",_xlpm.v)),""))} -> Foreman’s figure; to be measured
A45: {=IF($B$5="","",IFERROR(_xlfn.LET(_xlpm.v,INDEX(_xlfn._xlws.FILTER('05 Work done log'!$B$7:$B$506,'05 Work done log'!$A$7:$A$506=$B$5),ROWS($A$41:A45)),IF(_xlpm.v="","",_xlpm.v)),""))} | B45: =IF(A45="","",IFERROR(INDEX('12 P6 activities'!$B$7:$B$206,MATCH(A45,'12 P6 activities'!$A$7:$A$206,0)),"ID not in P6 list")) | C45: {=IF($B$5="","",IFERROR(_xlfn.LET(_xlpm.v,INDEX(_xlfn._xlws.FILTER('05 Work done log'!$E$7:$E$506,'05 Work done log'!$A$7:$A$506=$B$5),ROWS($A$41:A45)),IF(_xlpm.v="","",_xlpm.v)),""))} | D45: {=IF($B$5="","",IFERROR(_xlfn.LET(_xlpm.v,INDEX(_xlfn._xlws.FILTER('05 Work done log'!$F$7:$F$506,'05 Work done log'!$A$7:$A$506=$B$5),ROWS($A$41:A45)),IF(_xlpm.v="","",_xlpm.v)),""))} | E45: =IF(A45="","",IFERROR(INDEX('12 P6 activities'!$E$7:$E$206,MATCH(A45,'12 P6 activities'!$A$7:$A$206,0)),"")) | F45: {=IF($B$5="","",IFERROR(_xlfn.LET(_xlpm.v,INDEX(_xlfn._xlws.FILTER('05 Work done log'!$H$7:$H$506,'05 Work done log'!$A$7:$A$506=$B$5),ROWS($A$41:A45)),IF(_xlpm.v="","",_xlpm.v)),""))} | G45: {=IF($B$5="","",IFERROR(_xlfn.LET(_xlpm.v,INDEX(_xlfn._xlws.FILTER('05 Work done log'!$I$7:$I$506,'05 Work done log'!$A$7:$A$506=$B$5),ROWS($A$41:A45)),IF(_xlpm.v="","",_xlpm.v)),""))}
A46: {=IF($B$5="","",IFERROR(_xlfn.LET(_xlpm.v,INDEX(_xlfn._xlws.FILTER('05 Work done log'!$B$7:$B$506,'05 Work done log'!$A$7:$A$506=$B$5),ROWS($A$41:A46)),IF(_xlpm.v="","",_xlpm.v)),""))} | B46: =IF(A46="","",IFERROR(INDEX('12 P6 activities'!$B$7:$B$206,MATCH(A46,'12 P6 activities'!$A$7:$A$206,0)),"ID not in P6 list")) | C46: {=IF($B$5="","",IFERROR(_xlfn.LET(_xlpm.v,INDEX(_xlfn._xlws.FILTER('05 Work done log'!$E$7:$E$506,'05 Work done log'!$A$7:$A$506=$B$5),ROWS($A$41:A46)),IF(_xlpm.v="","",_xlpm.v)),""))} | D46: {=IF($B$5="","",IFERROR(_xlfn.LET(_xlpm.v,INDEX(_xlfn._xlws.FILTER('05 Work done log'!$F$7:$F$506,'05 Work done log'!$A$7:$A$506=$B$5),ROWS($A$41:A46)),IF(_xlpm.v="","",_xlpm.v)),""))} | E46: =IF(A46="","",IFERROR(INDEX('12 P6 activities'!$E$7:$E$206,MATCH(A46,'12 P6 activities'!$A$7:$A$206,0)),"")) | F46: {=IF($B$5="","",IFERROR(_xlfn.LET(_xlpm.v,INDEX(_xlfn._xlws.FILTER('05 Work done log'!$H$7:$H$506,'05 Work done log'!$A$7:$A$506=$B$5),ROWS($A$41:A46)),IF(_xlpm.v="","",_xlpm.v)),""))} | G46: {=IF($B$5="","",IFERROR(_xlfn.LET(_xlpm.v,INDEX(_xlfn._xlws.FILTER('05 Work done log'!$I$7:$I$506,'05 Work done log'!$A$7:$A$506=$B$5),ROWS($A$41:A46)),IF(_xlpm.v="","",_xlpm.v)),""))}
A47: {=IF($B$5="","",IFERROR(_xlfn.LET(_xlpm.v,INDEX(_xlfn._xlws.FILTER('05 Work done log'!$B$7:$B$506,'05 Work done log'!$A$7:$A$506=$B$5),ROWS($A$41:A47)),IF(_xlpm.v="","",_xlpm.v)),""))} | B47: =IF(A47="","",IFERROR(INDEX('12 P6 activities'!$B$7:$B$206,MATCH(A47,'12 P6 activities'!$A$7:$A$206,0)),"ID not in P6 list")) | C47: {=IF($B$5="","",IFERROR(_xlfn.LET(_xlpm.v,INDEX(_xlfn._xlws.FILTER('05 Work done log'!$E$7:$E$506,'05 Work done log'!$A$7:$A$506=$B$5),ROWS($A$41:A47)),IF(_xlpm.v="","",_xlpm.v)),""))} | D47: {=IF($B$5="","",IFERROR(_xlfn.LET(_xlpm.v,INDEX(_xlfn._xlws.FILTER('05 Work done log'!$F$7:$F$506,'05 Work done log'!$A$7:$A$506=$B$5),ROWS($A$41:A47)),IF(_xlpm.v="","",_xlpm.v)),""))} | E47: =IF(A47="","",IFERROR(INDEX('12 P6 activities'!$E$7:$E$206,MATCH(A47,'12 P6 activities'!$A$7:$A$206,0)),"")) | F47: {=IF($B$5="","",IFERROR(_xlfn.LET(_xlpm.v,INDEX(_xlfn._xlws.FILTER('05 Work done log'!$H$7:$H$506,'05 Work done log'!$A$7:$A$506=$B$5),ROWS($A$41:A47)),IF(_xlpm.v="","",_xlpm.v)),""))} | G47: {=IF($B$5="","",IFERROR(_xlfn.LET(_xlpm.v,INDEX(_xlfn._xlws.FILTER('05 Work done log'!$I$7:$I$506,'05 Work done log'!$A$7:$A$506=$B$5),ROWS($A$41:A47)),IF(_xlpm.v="","",_xlpm.v)),""))}
A48: {=IF($B$5="","",IFERROR(_xlfn.LET(_xlpm.v,INDEX(_xlfn._xlws.FILTER('05 Work done log'!$B$7:$B$506,'05 Work done log'!$A$7:$A$506=$B$5),ROWS($A$41:A48)),IF(_xlpm.v="","",_xlpm.v)),""))} | B48: =IF(A48="","",IFERROR(INDEX('12 P6 activities'!$B$7:$B$206,MATCH(A48,'12 P6 activities'!$A$7:$A$206,0)),"ID not in P6 list")) | C48: {=IF($B$5="","",IFERROR(_xlfn.LET(_xlpm.v,INDEX(_xlfn._xlws.FILTER('05 Work done log'!$E$7:$E$506,'05 Work done log'!$A$7:$A$506=$B$5),ROWS($A$41:A48)),IF(_xlpm.v="","",_xlpm.v)),""))} | D48: {=IF($B$5="","",IFERROR(_xlfn.LET(_xlpm.v,INDEX(_xlfn._xlws.FILTER('05 Work done log'!$F$7:$F$506,'05 Work done log'!$A$7:$A$506=$B$5),ROWS($A$41:A48)),IF(_xlpm.v="","",_xlpm.v)),""))} | E48: =IF(A48="","",IFERROR(INDEX('12 P6 activities'!$E$7:$E$206,MATCH(A48,'12 P6 activities'!$A$7:$A$206,0)),"")) | F48: {=IF($B$5="","",IFERROR(_xlfn.LET(_xlpm.v,INDEX(_xlfn._xlws.FILTER('05 Work done log'!$H$7:$H$506,'05 Work done log'!$A$7:$A$506=$B$5),ROWS($A$41:A48)),IF(_xlpm.v="","",_xlpm.v)),""))} | G48: {=IF($B$5="","",IFERROR(_xlfn.LET(_xlpm.v,INDEX(_xlfn._xlws.FILTER('05 Work done log'!$I$7:$I$506,'05 Work done log'!$A$7:$A$506=$B$5),ROWS($A$41:A48)),IF(_xlpm.v="","",_xlpm.v)),""))}
A49: {=IF($B$5="","",IFERROR(_xlfn.LET(_xlpm.v,INDEX(_xlfn._xlws.FILTER('05 Work done log'!$B$7:$B$506,'05 Work done log'!$A$7:$A$506=$B$5),ROWS($A$41:A49)),IF(_xlpm.v="","",_xlpm.v)),""))} | B49: =IF(A49="","",IFERROR(INDEX('12 P6 activities'!$B$7:$B$206,MATCH(A49,'12 P6 activities'!$A$7:$A$206,0)),"ID not in P6 list")) | C49: {=IF($B$5="","",IFERROR(_xlfn.LET(_xlpm.v,INDEX(_xlfn._xlws.FILTER('05 Work done log'!$E$7:$E$506,'05 Work done log'!$A$7:$A$506=$B$5),ROWS($A$41:A49)),IF(_xlpm.v="","",_xlpm.v)),""))} | D49: {=IF($B$5="","",IFERROR(_xlfn.LET(_xlpm.v,INDEX(_xlfn._xlws.FILTER('05 Work done log'!$F$7:$F$506,'05 Work done log'!$A$7:$A$506=$B$5),ROWS($A$41:A49)),IF(_xlpm.v="","",_xlpm.v)),""))} | E49: =IF(A49="","",IFERROR(INDEX('12 P6 activities'!$E$7:$E$206,MATCH(A49,'12 P6 activities'!$A$7:$A$206,0)),"")) | F49: {=IF($B$5="","",IFERROR(_xlfn.LET(_xlpm.v,INDEX(_xlfn._xlws.FILTER('05 Work done log'!$H$7:$H$506,'05 Work done log'!$A$7:$A$506=$B$5),ROWS($A$41:A49)),IF(_xlpm.v="","",_xlpm.v)),""))} | G49: {=IF($B$5="","",IFERROR(_xlfn.LET(_xlpm.v,INDEX(_xlfn._xlws.FILTER('05 Work done log'!$I$7:$I$506,'05 Work done log'!$A$7:$A$506=$B$5),ROWS($A$41:A49)),IF(_xlpm.v="","",_xlpm.v)),""))}
A50: {=IF($B$5="","",IFERROR(_xlfn.LET(_xlpm.v,INDEX(_xlfn._xlws.FILTER('05 Work done log'!$B$7:$B$506,'05 Work done log'!$A$7:$A$506=$B$5),ROWS($A$41:A50)),IF(_xlpm.v="","",_xlpm.v)),""))} | B50: =IF(A50="","",IFERROR(INDEX('12 P6 activities'!$B$7:$B$206,MATCH(A50,'12 P6 activities'!$A$7:$A$206,0)),"ID not in P6 list")) | C50: {=IF($B$5="","",IFERROR(_xlfn.LET(_xlpm.v,INDEX(_xlfn._xlws.FILTER('05 Work done log'!$E$7:$E$506,'05 Work done log'!$A$7:$A$506=$B$5),ROWS($A$41:A50)),IF(_xlpm.v="","",_xlpm.v)),""))} | D50: {=IF($B$5="","",IFERROR(_xlfn.LET(_xlpm.v,INDEX(_xlfn._xlws.FILTER('05 Work done log'!$F$7:$F$506,'05 Work done log'!$A$7:$A$506=$B$5),ROWS($A$41:A50)),IF(_xlpm.v="","",_xlpm.v)),""))} | E50: =IF(A50="","",IFERROR(INDEX('12 P6 activities'!$E$7:$E$206,MATCH(A50,'12 P6 activities'!$A$7:$A$206,0)),"")) | F50: {=IF($B$5="","",IFERROR(_xlfn.LET(_xlpm.v,INDEX(_xlfn._xlws.FILTER('05 Work done log'!$H$7:$H$506,'05 Work done log'!$A$7:$A$506=$B$5),ROWS($A$41:A50)),IF(_xlpm.v="","",_xlpm.v)),""))} | G50: {=IF($B$5="","",IFERROR(_xlfn.LET(_xlpm.v,INDEX(_xlfn._xlws.FILTER('05 Work done log'!$I$7:$I$506,'05 Work done log'!$A$7:$A$506=$B$5),ROWS($A$41:A50)),IF(_xlpm.v="","",_xlpm.v)),""))}
A51: {=IF($B$5="","",IFERROR(_xlfn.LET(_xlpm.v,INDEX(_xlfn._xlws.FILTER('05 Work done log'!$B$7:$B$506,'05 Work done log'!$A$7:$A$506=$B$5),ROWS($A$41:A51)),IF(_xlpm.v="","",_xlpm.v)),""))} | B51: =IF(A51="","",IFERROR(INDEX('12 P6 activities'!$B$7:$B$206,MATCH(A51,'12 P6 activities'!$A$7:$A$206,0)),"ID not in P6 list")) | C51: {=IF($B$5="","",IFERROR(_xlfn.LET(_xlpm.v,INDEX(_xlfn._xlws.FILTER('05 Work done log'!$E$7:$E$506,'05 Work done log'!$A$7:$A$506=$B$5),ROWS($A$41:A51)),IF(_xlpm.v="","",_xlpm.v)),""))} | D51: {=IF($B$5="","",IFERROR(_xlfn.LET(_xlpm.v,INDEX(_xlfn._xlws.FILTER('05 Work done log'!$F$7:$F$506,'05 Work done log'!$A$7:$A$506=$B$5),ROWS($A$41:A51)),IF(_xlpm.v="","",_xlpm.v)),""))} | E51: =IF(A51="","",IFERROR(INDEX('12 P6 activities'!$E$7:$E$206,MATCH(A51,'12 P6 activities'!$A$7:$A$206,0)),"")) | F51: {=IF($B$5="","",IFERROR(_xlfn.LET(_xlpm.v,INDEX(_xlfn._xlws.FILTER('05 Work done log'!$H$7:$H$506,'05 Work done log'!$A$7:$A$506=$B$5),ROWS($A$41:A51)),IF(_xlpm.v="","",_xlpm.v)),""))} | G51: {=IF($B$5="","",IFERROR(_xlfn.LET(_xlpm.v,INDEX(_xlfn._xlws.FILTER('05 Work done log'!$I$7:$I$506,'05 Work done log'!$A$7:$A$506=$B$5),ROWS($A$41:A51)),IF(_xlpm.v="","",_xlpm.v)),""))}
A52: {=IF($B$5="","",IFERROR(_xlfn.LET(_xlpm.v,INDEX(_xlfn._xlws.FILTER('05 Work done log'!$B$7:$B$506,'05 Work done log'!$A$7:$A$506=$B$5),ROWS($A$41:A52)),IF(_xlpm.v="","",_xlpm.v)),""))} | B52: =IF(A52="","",IFERROR(INDEX('12 P6 activities'!$B$7:$B$206,MATCH(A52,'12 P6 activities'!$A$7:$A$206,0)),"ID not in P6 list")) | C52: {=IF($B$5="","",IFERROR(_xlfn.LET(_xlpm.v,INDEX(_xlfn._xlws.FILTER('05 Work done log'!$E$7:$E$506,'05 Work done log'!$A$7:$A$506=$B$5),ROWS($A$41:A52)),IF(_xlpm.v="","",_xlpm.v)),""))} | D52: {=IF($B$5="","",IFERROR(_xlfn.LET(_xlpm.v,INDEX(_xlfn._xlws.FILTER('05 Work done log'!$F$7:$F$506,'05 Work done log'!$A$7:$A$506=$B$5),ROWS($A$41:A52)),IF(_xlpm.v="","",_xlpm.v)),""))} | E52: =IF(A52="","",IFERROR(INDEX('12 P6 activities'!$E$7:$E$206,MATCH(A52,'12 P6 activities'!$A$7:$A$206,0)),"")) | F52: {=IF($B$5="","",IFERROR(_xlfn.LET(_xlpm.v,INDEX(_xlfn._xlws.FILTER('05 Work done log'!$H$7:$H$506,'05 Work done log'!$A$7:$A$506=$B$5),ROWS($A$41:A52)),IF(_xlpm.v="","",_xlpm.v)),""))} | G52: {=IF($B$5="","",IFERROR(_xlfn.LET(_xlpm.v,INDEX(_xlfn._xlws.FILTER('05 Work done log'!$I$7:$I$506,'05 Work done log'!$A$7:$A$506=$B$5),ROWS($A$41:A52)),IF(_xlpm.v="","",_xlpm.v)),""))}
A54: DELIVERIES | H54: =IF($B$5="","",IF(COUNTIFS('07 Delivery log'!$A$7:$A$506,$B$5)>6,"⚠ "&COUNTIFS('07 Delivery log'!$A$7:$A$506,$B$5)&" lines in the Delivery log: only 6 fit here",""))
A55: Supplier | B55: Material | C55: Quantity | D55: Unit | E55: Delivery note | F55: Short or damaged? | G55: P6 Activity ID | H55: Note
A56: {=IF($B$5="","",IFERROR(_xlfn.LET(_xlpm.v,INDEX(_xlfn._xlws.FILTER('07 Delivery log'!$B$7:$B$506,'07 Delivery log'!$A$7:$A$506=$B$5),ROWS($A$56:A56)),IF(_xlpm.v="","",_xlpm.v)),""))} -> Steel supplier | B56: {=IF($B$5="","",IFERROR(_xlfn.LET(_xlpm.v,INDEX(_xlfn._xlws.FILTER('07 Delivery log'!$C$7:$C$506,'07 Delivery log'!$A$7:$A$506=$B$5),ROWS($A$56:A56)),IF(_xlpm.v="","",_xlpm.v)),""))} -> Reinforcement | C56: {=IF($B$5="","",IFERROR(_xlfn.LET(_xlpm.v,INDEX(_xlfn._xlws.FILTER('07 Delivery log'!$D$7:$D$506,'07 Delivery log'!$A$7:$A$506=$B$5),ROWS($A$56:A56)),IF(_xlpm.v="","",_xlpm.v)),""))} -> 12 | D56: {=IF($B$5="","",IFERROR(_xlfn.LET(_xlpm.v,INDEX(_xlfn._xlws.FILTER('07 Delivery log'!$E$7:$E$506,'07 Delivery log'!$A$7:$A$506=$B$5),ROWS($A$56:A56)),IF(_xlpm.v="","",_xlpm.v)),""))} -> t | E56: {=IF($B$5="","",IFERROR(_xlfn.LET(_xlpm.v,INDEX(_xlfn._xlws.FILTER('07 Delivery log'!$F$7:$F$506,'07 Delivery log'!$A$7:$A$506=$B$5),ROWS($A$56:A56)),IF(_xlpm.v="","",_xlpm.v)),""))} -> DN-1182 | F56: {=IF($B$5="","",IFERROR(_xlfn.LET(_xlpm.v,INDEX(_xlfn._xlws.FILTER('07 Delivery log'!$G$7:$G$506,'07 Delivery log'!$A$7:$A$506=$B$5),ROWS($A$56:A56)),IF(_xlpm.v="","",_xlpm.v)),""))} -> N | G56: {=IF($B$5="","",IFERROR(_xlfn.LET(_xlpm.v,INDEX(_xlfn._xlws.FILTER('07 Delivery log'!$H$7:$H$506,'07 Delivery log'!$A$7:$A$506=$B$5),ROWS($A$56:A56)),IF(_xlpm.v="","",_xlpm.v)),""))} -> A1100 | H56: {=IF($B$5="","",IFERROR(_xlfn.LET(_xlpm.v,INDEX(_xlfn._xlws.FILTER('07 Delivery log'!$K$7:$K$506,'07 Delivery log'!$A$7:$A$506=$B$5),ROWS($A$56:A56)),IF(_xlpm.v="","",_xlpm.v)),""))}
A57: {=IF($B$5="","",IFERROR(_xlfn.LET(_xlpm.v,INDEX(_xlfn._xlws.FILTER('07 Delivery log'!$B$7:$B$506,'07 Delivery log'!$A$7:$A$506=$B$5),ROWS($A$56:A57)),IF(_xlpm.v="","",_xlpm.v)),""))} -> Aggregates | B57: {=IF($B$5="","",IFERROR(_xlfn.LET(_xlpm.v,INDEX(_xlfn._xlws.FILTER('07 Delivery log'!$C$7:$C$506,'07 Delivery log'!$A$7:$A$506=$B$5),ROWS($A$56:A57)),IF(_xlpm.v="","",_xlpm.v)),""))} -> Blinding stone | C57: {=IF($B$5="","",IFERROR(_xlfn.LET(_xlpm.v,INDEX(_xlfn._xlws.FILTER('07 Delivery log'!$D$7:$D$506,'07 Delivery log'!$A$7:$A$506=$B$5),ROWS($A$56:A57)),IF(_xlpm.v="","",_xlpm.v)),""))} -> 20 | D57: {=IF($B$5="","",IFERROR(_xlfn.LET(_xlpm.v,INDEX(_xlfn._xlws.FILTER('07 Delivery log'!$E$7:$E$506,'07 Delivery log'!$A$7:$A$506=$B$5),ROWS($A$56:A57)),IF(_xlpm.v="","",_xlpm.v)),""))} -> t | E57: {=IF($B$5="","",IFERROR(_xlfn.LET(_xlpm.v,INDEX(_xlfn._xlws.FILTER('07 Delivery log'!$F$7:$F$506,'07 Delivery log'!$A$7:$A$506=$B$5),ROWS($A$56:A57)),IF(_xlpm.v="","",_xlpm.v)),""))} -> DN-0457 | F57: {=IF($B$5="","",IFERROR(_xlfn.LET(_xlpm.v,INDEX(_xlfn._xlws.FILTER('07 Delivery log'!$G$7:$G$506,'07 Delivery log'!$A$7:$A$506=$B$5),ROWS($A$56:A57)),IF(_xlpm.v="","",_xlpm.v)),""))} -> N | G57: {=IF($B$5="","",IFERROR(_xlfn.LET(_xlpm.v,INDEX(_xlfn._xlws.FILTER('07 Delivery log'!$H$7:$H$506,'07 Delivery log'!$A$7:$A$506=$B$5),ROWS($A$56:A57)),IF(_xlpm.v="","",_xlpm.v)),""))} -> A1200 | H57: {=IF($B$5="","",IFERROR(_xlfn.LET(_xlpm.v,INDEX(_xlfn._xlws.FILTER('07 Delivery log'!$K$7:$K$506,'07 Delivery log'!$A$7:$A$506=$B$5),ROWS($A$56:A57)),IF(_xlpm.v="","",_xlpm.v)),""))}
A58: {=IF($B$5="","",IFERROR(_xlfn.LET(_xlpm.v,INDEX(_xlfn._xlws.FILTER('07 Delivery log'!$B$7:$B$506,'07 Delivery log'!$A$7:$A$506=$B$5),ROWS($A$56:A58)),IF(_xlpm.v="","",_xlpm.v)),""))} | B58: {=IF($B$5="","",IFERROR(_xlfn.LET(_xlpm.v,INDEX(_xlfn._xlws.FILTER('07 Delivery log'!$C$7:$C$506,'07 Delivery log'!$A$7:$A$506=$B$5),ROWS($A$56:A58)),IF(_xlpm.v="","",_xlpm.v)),""))} | C58: {=IF($B$5="","",IFERROR(_xlfn.LET(_xlpm.v,INDEX(_xlfn._xlws.FILTER('07 Delivery log'!$D$7:$D$506,'07 Delivery log'!$A$7:$A$506=$B$5),ROWS($A$56:A58)),IF(_xlpm.v="","",_xlpm.v)),""))} | D58: {=IF($B$5="","",IFERROR(_xlfn.LET(_xlpm.v,INDEX(_xlfn._xlws.FILTER('07 Delivery log'!$E$7:$E$506,'07 Delivery log'!$A$7:$A$506=$B$5),ROWS($A$56:A58)),IF(_xlpm.v="","",_xlpm.v)),""))} | E58: {=IF($B$5="","",IFERROR(_xlfn.LET(_xlpm.v,INDEX(_xlfn._xlws.FILTER('07 Delivery log'!$F$7:$F$506,'07 Delivery log'!$A$7:$A$506=$B$5),ROWS($A$56:A58)),IF(_xlpm.v="","",_xlpm.v)),""))} | F58: {=IF($B$5="","",IFERROR(_xlfn.LET(_xlpm.v,INDEX(_xlfn._xlws.FILTER('07 Delivery log'!$G$7:$G$506,'07 Delivery log'!$A$7:$A$506=$B$5),ROWS($A$56:A58)),IF(_xlpm.v="","",_xlpm.v)),""))} | G58: {=IF($B$5="","",IFERROR(_xlfn.LET(_xlpm.v,INDEX(_xlfn._xlws.FILTER('07 Delivery log'!$H$7:$H$506,'07 Delivery log'!$A$7:$A$506=$B$5),ROWS($A$56:A58)),IF(_xlpm.v="","",_xlpm.v)),""))} | H58: {=IF($B$5="","",IFERROR(_xlfn.LET(_xlpm.v,INDEX(_xlfn._xlws.FILTER('07 Delivery log'!$K$7:$K$506,'07 Delivery log'!$A$7:$A$506=$B$5),ROWS($A$56:A58)),IF(_xlpm.v="","",_xlpm.v)),""))}
A59: {=IF($B$5="","",IFERROR(_xlfn.LET(_xlpm.v,INDEX(_xlfn._xlws.FILTER('07 Delivery log'!$B$7:$B$506,'07 Delivery log'!$A$7:$A$506=$B$5),ROWS($A$56:A59)),IF(_xlpm.v="","",_xlpm.v)),""))} | B59: {=IF($B$5="","",IFERROR(_xlfn.LET(_xlpm.v,INDEX(_xlfn._xlws.FILTER('07 Delivery log'!$C$7:$C$506,'07 Delivery log'!$A$7:$A$506=$B$5),ROWS($A$56:A59)),IF(_xlpm.v="","",_xlpm.v)),""))} | C59: {=IF($B$5="","",IFERROR(_xlfn.LET(_xlpm.v,INDEX(_xlfn._xlws.FILTER('07 Delivery log'!$D$7:$D$506,'07 Delivery log'!$A$7:$A$506=$B$5),ROWS($A$56:A59)),IF(_xlpm.v="","",_xlpm.v)),""))} | D59: {=IF($B$5="","",IFERROR(_xlfn.LET(_xlpm.v,INDEX(_xlfn._xlws.FILTER('07 Delivery log'!$E$7:$E$506,'07 Delivery log'!$A$7:$A$506=$B$5),ROWS($A$56:A59)),IF(_xlpm.v="","",_xlpm.v)),""))} | E59: {=IF($B$5="","",IFERROR(_xlfn.LET(_xlpm.v,INDEX(_xlfn._xlws.FILTER('07 Delivery log'!$F$7:$F$506,'07 Delivery log'!$A$7:$A$506=$B$5),ROWS($A$56:A59)),IF(_xlpm.v="","",_xlpm.v)),""))} | F59: {=IF($B$5="","",IFERROR(_xlfn.LET(_xlpm.v,INDEX(_xlfn._xlws.FILTER('07 Delivery log'!$G$7:$G$506,'07 Delivery log'!$A$7:$A$506=$B$5),ROWS($A$56:A59)),IF(_xlpm.v="","",_xlpm.v)),""))} | G59: {=IF($B$5="","",IFERROR(_xlfn.LET(_xlpm.v,INDEX(_xlfn._xlws.FILTER('07 Delivery log'!$H$7:$H$506,'07 Delivery log'!$A$7:$A$506=$B$5),ROWS($A$56:A59)),IF(_xlpm.v="","",_xlpm.v)),""))} | H59: {=IF($B$5="","",IFERROR(_xlfn.LET(_xlpm.v,INDEX(_xlfn._xlws.FILTER('07 Delivery log'!$K$7:$K$506,'07 Delivery log'!$A$7:$A$506=$B$5),ROWS($A$56:A59)),IF(_xlpm.v="","",_xlpm.v)),""))}
A60: {=IF($B$5="","",IFERROR(_xlfn.LET(_xlpm.v,INDEX(_xlfn._xlws.FILTER('07 Delivery log'!$B$7:$B$506,'07 Delivery log'!$A$7:$A$506=$B$5),ROWS($A$56:A60)),IF(_xlpm.v="","",_xlpm.v)),""))} | B60: {=IF($B$5="","",IFERROR(_xlfn.LET(_xlpm.v,INDEX(_xlfn._xlws.FILTER('07 Delivery log'!$C$7:$C$506,'07 Delivery log'!$A$7:$A$506=$B$5),ROWS($A$56:A60)),IF(_xlpm.v="","",_xlpm.v)),""))} | C60: {=IF($B$5="","",IFERROR(_xlfn.LET(_xlpm.v,INDEX(_xlfn._xlws.FILTER('07 Delivery log'!$D$7:$D$506,'07 Delivery log'!$A$7:$A$506=$B$5),ROWS($A$56:A60)),IF(_xlpm.v="","",_xlpm.v)),""))} | D60: {=IF($B$5="","",IFERROR(_xlfn.LET(_xlpm.v,INDEX(_xlfn._xlws.FILTER('07 Delivery log'!$E$7:$E$506,'07 Delivery log'!$A$7:$A$506=$B$5),ROWS($A$56:A60)),IF(_xlpm.v="","",_xlpm.v)),""))} | E60: {=IF($B$5="","",IFERROR(_xlfn.LET(_xlpm.v,INDEX(_xlfn._xlws.FILTER('07 Delivery log'!$F$7:$F$506,'07 Delivery log'!$A$7:$A$506=$B$5),ROWS($A$56:A60)),IF(_xlpm.v="","",_xlpm.v)),""))} | F60: {=IF($B$5="","",IFERROR(_xlfn.LET(_xlpm.v,INDEX(_xlfn._xlws.FILTER('07 Delivery log'!$G$7:$G$506,'07 Delivery log'!$A$7:$A$506=$B$5),ROWS($A$56:A60)),IF(_xlpm.v="","",_xlpm.v)),""))} | G60: {=IF($B$5="","",IFERROR(_xlfn.LET(_xlpm.v,INDEX(_xlfn._xlws.FILTER('07 Delivery log'!$H$7:$H$506,'07 Delivery log'!$A$7:$A$506=$B$5),ROWS($A$56:A60)),IF(_xlpm.v="","",_xlpm.v)),""))} | H60: {=IF($B$5="","",IFERROR(_xlfn.LET(_xlpm.v,INDEX(_xlfn._xlws.FILTER('07 Delivery log'!$K$7:$K$506,'07 Delivery log'!$A$7:$A$506=$B$5),ROWS($A$56:A60)),IF(_xlpm.v="","",_xlpm.v)),""))}
A61: {=IF($B$5="","",IFERROR(_xlfn.LET(_xlpm.v,INDEX(_xlfn._xlws.FILTER('07 Delivery log'!$B$7:$B$506,'07 Delivery log'!$A$7:$A$506=$B$5),ROWS($A$56:A61)),IF(_xlpm.v="","",_xlpm.v)),""))} | B61: {=IF($B$5="","",IFERROR(_xlfn.LET(_xlpm.v,INDEX(_xlfn._xlws.FILTER('07 Delivery log'!$C$7:$C$506,'07 Delivery log'!$A$7:$A$506=$B$5),ROWS($A$56:A61)),IF(_xlpm.v="","",_xlpm.v)),""))} | C61: {=IF($B$5="","",IFERROR(_xlfn.LET(_xlpm.v,INDEX(_xlfn._xlws.FILTER('07 Delivery log'!$D$7:$D$506,'07 Delivery log'!$A$7:$A$506=$B$5),ROWS($A$56:A61)),IF(_xlpm.v="","",_xlpm.v)),""))} | D61: {=IF($B$5="","",IFERROR(_xlfn.LET(_xlpm.v,INDEX(_xlfn._xlws.FILTER('07 Delivery log'!$E$7:$E$506,'07 Delivery log'!$A$7:$A$506=$B$5),ROWS($A$56:A61)),IF(_xlpm.v="","",_xlpm.v)),""))} | E61: {=IF($B$5="","",IFERROR(_xlfn.LET(_xlpm.v,INDEX(_xlfn._xlws.FILTER('07 Delivery log'!$F$7:$F$506,'07 Delivery log'!$A$7:$A$506=$B$5),ROWS($A$56:A61)),IF(_xlpm.v="","",_xlpm.v)),""))} | F61: {=IF($B$5="","",IFERROR(_xlfn.LET(_xlpm.v,INDEX(_xlfn._xlws.FILTER('07 Delivery log'!$G$7:$G$506,'07 Delivery log'!$A$7:$A$506=$B$5),ROWS($A$56:A61)),IF(_xlpm.v="","",_xlpm.v)),""))} | G61: {=IF($B$5="","",IFERROR(_xlfn.LET(_xlpm.v,INDEX(_xlfn._xlws.FILTER('07 Delivery log'!$H$7:$H$506,'07 Delivery log'!$A$7:$A$506=$B$5),ROWS($A$56:A61)),IF(_xlpm.v="","",_xlpm.v)),""))} | H61: {=IF($B$5="","",IFERROR(_xlfn.LET(_xlpm.v,INDEX(_xlfn._xlws.FILTER('07 Delivery log'!$K$7:$K$506,'07 Delivery log'!$A$7:$A$506=$B$5),ROWS($A$56:A61)),IF(_xlpm.v="","",_xlpm.v)),""))}
A63: EVENTS, INSTRUCTIONS, DELAYS, VISITORS | H63: =IF($B$5="","",IF(COUNTIFS('06 Event log'!$A$7:$A$506,$B$5)>8,"⚠ "&COUNTIFS('06 Event log'!$A$7:$A$506,$B$5)&" lines in the Event log: only 8 fit here",""))
A64: Type | B64: What happened | E64: P6 Activity ID | F64: Time | G64: Could it become a claim? | H64: Then
A65: {=IF($B$5="","",IFERROR(_xlfn.LET(_xlpm.v,INDEX(_xlfn._xlws.FILTER('06 Event log'!$B$7:$B$506,'06 Event log'!$A$7:$A$506=$B$5),ROWS($A$65:A65)),IF(_xlpm.v="","",_xlpm.v)),""))} -> Event | B65: {=IF($B$5="","",IFERROR(_xlfn.LET(_xlpm.v,INDEX(_xlfn._xlws.FILTER('06 Event log'!$C$7:$C$506,'06 Event log'!$A$7:$A$506=$B$5),ROWS($A$65:A65)),IF(_xlpm.v="","",_xlpm.v)),""))} -> Piling rig: penetration rate changed at P17 and P18, consistent with rock. Driller’s log kept. | E65: {=IF($B$5="","",IFERROR(_xlfn.LET(_xlpm.v,INDEX(_xlfn._xlws.FILTER('06 Event log'!$D$7:$D$506,'06 Event log'!$A$7:$A$506=$B$5),ROWS($A$65:A65)),IF(_xlpm.v="","",_xlpm.v)),""))} -> A1000 | F65: {=IF($B$5="","",IFERROR(_xlfn.LET(_xlpm.v,INDEX(_xlfn._xlws.FILTER('06 Event log'!$G$7:$G$506,'06 Event log'!$A$7:$A$506=$B$5),ROWS($A$65:A65)),IF(_xlpm.v="","",_xlpm.v)),""))} -> 0.44444444 | G65: {=IF($B$5="","",IFERROR(_xlfn.LET(_xlpm.v,INDEX(_xlfn._xlws.FILTER('06 Event log'!$H$7:$H$506,'06 Event log'!$A$7:$A$506=$B$5),ROWS($A$65:A65)),IF(_xlpm.v="","",_xlpm.v)),""))} -> Y | H65: =IF(G65<>"Y","",IF(E65="","Pick the affected P6 activity first",IF(COUNTIFS('11 Notice calendar'!$A$7:$A$46,$B$5,'11 Notice calendar'!$I$7:$I$46,E65)>0,"In the Notice calendar","Log it in the Notice calendar today: the clock started"))) -> In the Notice calendar
A66: {=IF($B$5="","",IFERROR(_xlfn.LET(_xlpm.v,INDEX(_xlfn._xlws.FILTER('06 Event log'!$B$7:$B$506,'06 Event log'!$A$7:$A$506=$B$5),ROWS($A$65:A66)),IF(_xlpm.v="","",_xlpm.v)),""))} -> Instruction | B66: {=IF($B$5="","",IFERROR(_xlfn.LET(_xlpm.v,INDEX(_xlfn._xlws.FILTER('06 Event log'!$C$7:$C$506,'06 Event log'!$A$7:$A$506=$B$5),ROWS($A$65:A66)),IF(_xlpm.v="","",_xlpm.v)),""))} -> Site engineer emailed the resident engineer; reply "noted, discuss Thursday". No Notice served yet. | E66: {=IF($B$5="","",IFERROR(_xlfn.LET(_xlpm.v,INDEX(_xlfn._xlws.FILTER('06 Event log'!$D$7:$D$506,'06 Event log'!$A$7:$A$506=$B$5),ROWS($A$65:A66)),IF(_xlpm.v="","",_xlpm.v)),""))} -> A1000 | F66: {=IF($B$5="","",IFERROR(_xlfn.LET(_xlpm.v,INDEX(_xlfn._xlws.FILTER('06 Event log'!$G$7:$G$506,'06 Event log'!$A$7:$A$506=$B$5),ROWS($A$65:A66)),IF(_xlpm.v="","",_xlpm.v)),""))} -> 0.46875 | G66: {=IF($B$5="","",IFERROR(_xlfn.LET(_xlpm.v,INDEX(_xlfn._xlws.FILTER('06 Event log'!$H$7:$H$506,'06 Event log'!$A$7:$A$506=$B$5),ROWS($A$65:A66)),IF(_xlpm.v="","",_xlpm.v)),""))} -> Y | H66: =IF(G66<>"Y","",IF(E66="","Pick the affected P6 activity first",IF(COUNTIFS('11 Notice calendar'!$A$7:$A$46,$B$5,'11 Notice calendar'!$I$7:$I$46,E66)>0,"In the Notice calendar","Log it in the Notice calendar today: the clock started"))) -> In the Notice calendar
A67: {=IF($B$5="","",IFERROR(_xlfn.LET(_xlpm.v,INDEX(_xlfn._xlws.FILTER('06 Event log'!$B$7:$B$506,'06 Event log'!$A$7:$A$506=$B$5),ROWS($A$65:A67)),IF(_xlpm.v="","",_xlpm.v)),""))} -> Delay | B67: {=IF($B$5="","",IFERROR(_xlfn.LET(_xlpm.v,INDEX(_xlfn._xlws.FILTER('06 Event log'!$C$7:$C$506,'06 Event log'!$A$7:$A$506=$B$5),ROWS($A$65:A67)),IF(_xlpm.v="","",_xlpm.v)),""))} -> Rain from 15:00: blinding stopped for the day. | E67: {=IF($B$5="","",IFERROR(_xlfn.LET(_xlpm.v,INDEX(_xlfn._xlws.FILTER('06 Event log'!$D$7:$D$506,'06 Event log'!$A$7:$A$506=$B$5),ROWS($A$65:A67)),IF(_xlpm.v="","",_xlpm.v)),""))} -> A1200 | F67: {=IF($B$5="","",IFERROR(_xlfn.LET(_xlpm.v,INDEX(_xlfn._xlws.FILTER('06 Event log'!$G$7:$G$506,'06 Event log'!$A$7:$A$506=$B$5),ROWS($A$65:A67)),IF(_xlpm.v="","",_xlpm.v)),""))} -> 0.625 | G67: {=IF($B$5="","",IFERROR(_xlfn.LET(_xlpm.v,INDEX(_xlfn._xlws.FILTER('06 Event log'!$H$7:$H$506,'06 Event log'!$A$7:$A$506=$B$5),ROWS($A$65:A67)),IF(_xlpm.v="","",_xlpm.v)),""))} -> N | H67: =IF(G67<>"Y","",IF(E67="","Pick the affected P6 activity first",IF(COUNTIFS('11 Notice calendar'!$A$7:$A$46,$B$5,'11 Notice calendar'!$I$7:$I$46,E67)>0,"In the Notice calendar","Log it in the Notice calendar today: the clock started")))
A68: {=IF($B$5="","",IFERROR(_xlfn.LET(_xlpm.v,INDEX(_xlfn._xlws.FILTER('06 Event log'!$B$7:$B$506,'06 Event log'!$A$7:$A$506=$B$5),ROWS($A$65:A68)),IF(_xlpm.v="","",_xlpm.v)),""))} | B68: {=IF($B$5="","",IFERROR(_xlfn.LET(_xlpm.v,INDEX(_xlfn._xlws.FILTER('06 Event log'!$C$7:$C$506,'06 Event log'!$A$7:$A$506=$B$5),ROWS($A$65:A68)),IF(_xlpm.v="","",_xlpm.v)),""))} | E68: {=IF($B$5="","",IFERROR(_xlfn.LET(_xlpm.v,INDEX(_xlfn._xlws.FILTER('06 Event log'!$D$7:$D$506,'06 Event log'!$A$7:$A$506=$B$5),ROWS($A$65:A68)),IF(_xlpm.v="","",_xlpm.v)),""))} | F68: {=IF($B$5="","",IFERROR(_xlfn.LET(_xlpm.v,INDEX(_xlfn._xlws.FILTER('06 Event log'!$G$7:$G$506,'06 Event log'!$A$7:$A$506=$B$5),ROWS($A$65:A68)),IF(_xlpm.v="","",_xlpm.v)),""))} | G68: {=IF($B$5="","",IFERROR(_xlfn.LET(_xlpm.v,INDEX(_xlfn._xlws.FILTER('06 Event log'!$H$7:$H$506,'06 Event log'!$A$7:$A$506=$B$5),ROWS($A$65:A68)),IF(_xlpm.v="","",_xlpm.v)),""))} | H68: =IF(G68<>"Y","",IF(E68="","Pick the affected P6 activity first",IF(COUNTIFS('11 Notice calendar'!$A$7:$A$46,$B$5,'11 Notice calendar'!$I$7:$I$46,E68)>0,"In the Notice calendar","Log it in the Notice calendar today: the clock started")))
A69: {=IF($B$5="","",IFERROR(_xlfn.LET(_xlpm.v,INDEX(_xlfn._xlws.FILTER('06 Event log'!$B$7:$B$506,'06 Event log'!$A$7:$A$506=$B$5),ROWS($A$65:A69)),IF(_xlpm.v="","",_xlpm.v)),""))} | B69: {=IF($B$5="","",IFERROR(_xlfn.LET(_xlpm.v,INDEX(_xlfn._xlws.FILTER('06 Event log'!$C$7:$C$506,'06 Event log'!$A$7:$A$506=$B$5),ROWS($A$65:A69)),IF(_xlpm.v="","",_xlpm.v)),""))} | E69: {=IF($B$5="","",IFERROR(_xlfn.LET(_xlpm.v,INDEX(_xlfn._xlws.FILTER('06 Event log'!$D$7:$D$506,'06 Event log'!$A$7:$A$506=$B$5),ROWS($A$65:A69)),IF(_xlpm.v="","",_xlpm.v)),""))} | F69: {=IF($B$5="","",IFERROR(_xlfn.LET(_xlpm.v,INDEX(_xlfn._xlws.FILTER('06 Event log'!$G$7:$G$506,'06 Event log'!$A$7:$A$506=$B$5),ROWS($A$65:A69)),IF(_xlpm.v="","",_xlpm.v)),""))} | G69: {=IF($B$5="","",IFERROR(_xlfn.LET(_xlpm.v,INDEX(_xlfn._xlws.FILTER('06 Event log'!$H$7:$H$506,'06 Event log'!$A$7:$A$506=$B$5),ROWS($A$65:A69)),IF(_xlpm.v="","",_xlpm.v)),""))} | H69: =IF(G69<>"Y","",IF(E69="","Pick the affected P6 activity first",IF(COUNTIFS('11 Notice calendar'!$A$7:$A$46,$B$5,'11 Notice calendar'!$I$7:$I$46,E69)>0,"In the Notice calendar","Log it in the Notice calendar today: the clock started")))
A70: {=IF($B$5="","",IFERROR(_xlfn.LET(_xlpm.v,INDEX(_xlfn._xlws.FILTER('06 Event log'!$B$7:$B$506,'06 Event log'!$A$7:$A$506=$B$5),ROWS($A$65:A70)),IF(_xlpm.v="","",_xlpm.v)),""))} | B70: {=IF($B$5="","",IFERROR(_xlfn.LET(_xlpm.v,INDEX(_xlfn._xlws.FILTER('06 Event log'!$C$7:$C$506,'06 Event log'!$A$7:$A$506=$B$5),ROWS($A$65:A70)),IF(_xlpm.v="","",_xlpm.v)),""))} | E70: {=IF($B$5="","",IFERROR(_xlfn.LET(_xlpm.v,INDEX(_xlfn._xlws.FILTER('06 Event log'!$D$7:$D$506,'06 Event log'!$A$7:$A$506=$B$5),ROWS($A$65:A70)),IF(_xlpm.v="","",_xlpm.v)),""))} | F70: {=IF($B$5="","",IFERROR(_xlfn.LET(_xlpm.v,INDEX(_xlfn._xlws.FILTER('06 Event log'!$G$7:$G$506,'06 Event log'!$A$7:$A$506=$B$5),ROWS($A$65:A70)),IF(_xlpm.v="","",_xlpm.v)),""))} | G70: {=IF($B$5="","",IFERROR(_xlfn.LET(_xlpm.v,INDEX(_xlfn._xlws.FILTER('06 Event log'!$H$7:$H$506,'06 Event log'!$A$7:$A$506=$B$5),ROWS($A$65:A70)),IF(_xlpm.v="","",_xlpm.v)),""))} | H70: =IF(G70<>"Y","",IF(E70="","Pick the affected P6 activity first",IF(COUNTIFS('11 Notice calendar'!$A$7:$A$46,$B$5,'11 Notice calendar'!$I$7:$I$46,E70)>0,"In the Notice calendar","Log it in the Notice calendar today: the clock started")))
A71: {=IF($B$5="","",IFERROR(_xlfn.LET(_xlpm.v,INDEX(_xlfn._xlws.FILTER('06 Event log'!$B$7:$B$506,'06 Event log'!$A$7:$A$506=$B$5),ROWS($A$65:A71)),IF(_xlpm.v="","",_xlpm.v)),""))} | B71: {=IF($B$5="","",IFERROR(_xlfn.LET(_xlpm.v,INDEX(_xlfn._xlws.FILTER('06 Event log'!$C$7:$C$506,'06 Event log'!$A$7:$A$506=$B$5),ROWS($A$65:A71)),IF(_xlpm.v="","",_xlpm.v)),""))} | E71: {=IF($B$5="","",IFERROR(_xlfn.LET(_xlpm.v,INDEX(_xlfn._xlws.FILTER('06 Event log'!$D$7:$D$506,'06 Event log'!$A$7:$A$506=$B$5),ROWS($A$65:A71)),IF(_xlpm.v="","",_xlpm.v)),""))} | F71: {=IF($B$5="","",IFERROR(_xlfn.LET(_xlpm.v,INDEX(_xlfn._xlws.FILTER('06 Event log'!$G$7:$G$506,'06 Event log'!$A$7:$A$506=$B$5),ROWS($A$65:A71)),IF(_xlpm.v="","",_xlpm.v)),""))} | G71: {=IF($B$5="","",IFERROR(_xlfn.LET(_xlpm.v,INDEX(_xlfn._xlws.FILTER('06 Event log'!$H$7:$H$506,'06 Event log'!$A$7:$A$506=$B$5),ROWS($A$65:A71)),IF(_xlpm.v="","",_xlpm.v)),""))} | H71: =IF(G71<>"Y","",IF(E71="","Pick the affected P6 activity first",IF(COUNTIFS('11 Notice calendar'!$A$7:$A$46,$B$5,'11 Notice calendar'!$I$7:$I$46,E71)>0,"In the Notice calendar","Log it in the Notice calendar today: the clock started")))
A72: {=IF($B$5="","",IFERROR(_xlfn.LET(_xlpm.v,INDEX(_xlfn._xlws.FILTER('06 Event log'!$B$7:$B$506,'06 Event log'!$A$7:$A$506=$B$5),ROWS($A$65:A72)),IF(_xlpm.v="","",_xlpm.v)),""))} | B72: {=IF($B$5="","",IFERROR(_xlfn.LET(_xlpm.v,INDEX(_xlfn._xlws.FILTER('06 Event log'!$C$7:$C$506,'06 Event log'!$A$7:$A$506=$B$5),ROWS($A$65:A72)),IF(_xlpm.v="","",_xlpm.v)),""))} | E72: {=IF($B$5="","",IFERROR(_xlfn.LET(_xlpm.v,INDEX(_xlfn._xlws.FILTER('06 Event log'!$D$7:$D$506,'06 Event log'!$A$7:$A$506=$B$5),ROWS($A$65:A72)),IF(_xlpm.v="","",_xlpm.v)),""))} | F72: {=IF($B$5="","",IFERROR(_xlfn.LET(_xlpm.v,INDEX(_xlfn._xlws.FILTER('06 Event log'!$G$7:$G$506,'06 Event log'!$A$7:$A$506=$B$5),ROWS($A$65:A72)),IF(_xlpm.v="","",_xlpm.v)),""))} | G72: {=IF($B$5="","",IFERROR(_xlfn.LET(_xlpm.v,INDEX(_xlfn._xlws.FILTER('06 Event log'!$H$7:$H$506,'06 Event log'!$A$7:$A$506=$B$5),ROWS($A$65:A72)),IF(_xlpm.v="","",_xlpm.v)),""))} | H72: =IF(G72<>"Y","",IF(E72="","Pick the affected P6 activity first",IF(COUNTIFS('11 Notice calendar'!$A$7:$A$46,$B$5,'11 Notice calendar'!$I$7:$I$46,E72)>0,"In the Notice calendar","Log it in the Notice calendar today: the clock started")))
A74: HEALTH AND SAFETY | H74: =IF($B$5="","",IF(COUNTIFS('08 Safety log'!$A$7:$A$506,$B$5)>4,"⚠ "&COUNTIFS('08 Safety log'!$A$7:$A$506,$B$5)&" lines in the Safety log: only 4 fit here",""))
A75: Type | B75: What happened | E75: Location | F75: Time | G75: Reported to | H75: Action taken
A76: {=IF($B$5="","",IFERROR(_xlfn.LET(_xlpm.v,INDEX(_xlfn._xlws.FILTER('08 Safety log'!$B$7:$B$506,'08 Safety log'!$A$7:$A$506=$B$5),ROWS($A$76:A76)),IF(_xlpm.v="","",_xlpm.v)),""))} | B76: {=IF($B$5="","",IFERROR(_xlfn.LET(_xlpm.v,INDEX(_xlfn._xlws.FILTER('08 Safety log'!$C$7:$C$506,'08 Safety log'!$A$7:$A$506=$B$5),ROWS($A$76:A76)),IF(_xlpm.v="","",_xlpm.v)),""))} | E76: {=IF($B$5="","",IFERROR(_xlfn.LET(_xlpm.v,INDEX(_xlfn._xlws.FILTER('08 Safety log'!$D$7:$D$506,'08 Safety log'!$A$7:$A$506=$B$5),ROWS($A$76:A76)),IF(_xlpm.v="","",_xlpm.v)),""))} | F76: {=IF($B$5="","",IFERROR(_xlfn.LET(_xlpm.v,INDEX(_xlfn._xlws.FILTER('08 Safety log'!$E$7:$E$506,'08 Safety log'!$A$7:$A$506=$B$5),ROWS($A$76:A76)),IF(_xlpm.v="","",_xlpm.v)),""))} | G76: {=IF($B$5="","",IFERROR(_xlfn.LET(_xlpm.v,INDEX(_xlfn._xlws.FILTER('08 Safety log'!$F$7:$F$506,'08 Safety log'!$A$7:$A$506=$B$5),ROWS($A$76:A76)),IF(_xlpm.v="","",_xlpm.v)),""))} | H76: {=IF($B$5="","",IFERROR(_xlfn.LET(_xlpm.v,INDEX(_xlfn._xlws.FILTER('08 Safety log'!$G$7:$G$506,'08 Safety log'!$A$7:$A$506=$B$5),ROWS($A$76:A76)),IF(_xlpm.v="","",_xlpm.v)),""))}
A77: {=IF($B$5="","",IFERROR(_xlfn.LET(_xlpm.v,INDEX(_xlfn._xlws.FILTER('08 Safety log'!$B$7:$B$506,'08 Safety log'!$A$7:$A$506=$B$5),ROWS($A$76:A77)),IF(_xlpm.v="","",_xlpm.v)),""))} | B77: {=IF($B$5="","",IFERROR(_xlfn.LET(_xlpm.v,INDEX(_xlfn._xlws.FILTER('08 Safety log'!$C$7:$C$506,'08 Safety log'!$A$7:$A$506=$B$5),ROWS($A$76:A77)),IF(_xlpm.v="","",_xlpm.v)),""))} | E77: {=IF($B$5="","",IFERROR(_xlfn.LET(_xlpm.v,INDEX(_xlfn._xlws.FILTER('08 Safety log'!$D$7:$D$506,'08 Safety log'!$A$7:$A$506=$B$5),ROWS($A$76:A77)),IF(_xlpm.v="","",_xlpm.v)),""))} | F77: {=IF($B$5="","",IFERROR(_xlfn.LET(_xlpm.v,INDEX(_xlfn._xlws.FILTER('08 Safety log'!$E$7:$E$506,'08 Safety log'!$A$7:$A$506=$B$5),ROWS($A$76:A77)),IF(_xlpm.v="","",_xlpm.v)),""))} | G77: {=IF($B$5="","",IFERROR(_xlfn.LET(_xlpm.v,INDEX(_xlfn._xlws.FILTER('08 Safety log'!$F$7:$F$506,'08 Safety log'!$A$7:$A$506=$B$5),ROWS($A$76:A77)),IF(_xlpm.v="","",_xlpm.v)),""))} | H77: {=IF($B$5="","",IFERROR(_xlfn.LET(_xlpm.v,INDEX(_xlfn._xlws.FILTER('08 Safety log'!$G$7:$G$506,'08 Safety log'!$A$7:$A$506=$B$5),ROWS($A$76:A77)),IF(_xlpm.v="","",_xlpm.v)),""))}
A78: {=IF($B$5="","",IFERROR(_xlfn.LET(_xlpm.v,INDEX(_xlfn._xlws.FILTER('08 Safety log'!$B$7:$B$506,'08 Safety log'!$A$7:$A$506=$B$5),ROWS($A$76:A78)),IF(_xlpm.v="","",_xlpm.v)),""))} | B78: {=IF($B$5="","",IFERROR(_xlfn.LET(_xlpm.v,INDEX(_xlfn._xlws.FILTER('08 Safety log'!$C$7:$C$506,'08 Safety log'!$A$7:$A$506=$B$5),ROWS($A$76:A78)),IF(_xlpm.v="","",_xlpm.v)),""))} | E78: {=IF($B$5="","",IFERROR(_xlfn.LET(_xlpm.v,INDEX(_xlfn._xlws.FILTER('08 Safety log'!$D$7:$D$506,'08 Safety log'!$A$7:$A$506=$B$5),ROWS($A$76:A78)),IF(_xlpm.v="","",_xlpm.v)),""))} | F78: {=IF($B$5="","",IFERROR(_xlfn.LET(_xlpm.v,INDEX(_xlfn._xlws.FILTER('08 Safety log'!$E$7:$E$506,'08 Safety log'!$A$7:$A$506=$B$5),ROWS($A$76:A78)),IF(_xlpm.v="","",_xlpm.v)),""))} | G78: {=IF($B$5="","",IFERROR(_xlfn.LET(_xlpm.v,INDEX(_xlfn._xlws.FILTER('08 Safety log'!$F$7:$F$506,'08 Safety log'!$A$7:$A$506=$B$5),ROWS($A$76:A78)),IF(_xlpm.v="","",_xlpm.v)),""))} | H78: {=IF($B$5="","",IFERROR(_xlfn.LET(_xlpm.v,INDEX(_xlfn._xlws.FILTER('08 Safety log'!$G$7:$G$506,'08 Safety log'!$A$7:$A$506=$B$5),ROWS($A$76:A78)),IF(_xlpm.v="","",_xlpm.v)),""))}
A79: {=IF($B$5="","",IFERROR(_xlfn.LET(_xlpm.v,INDEX(_xlfn._xlws.FILTER('08 Safety log'!$B$7:$B$506,'08 Safety log'!$A$7:$A$506=$B$5),ROWS($A$76:A79)),IF(_xlpm.v="","",_xlpm.v)),""))} | B79: {=IF($B$5="","",IFERROR(_xlfn.LET(_xlpm.v,INDEX(_xlfn._xlws.FILTER('08 Safety log'!$C$7:$C$506,'08 Safety log'!$A$7:$A$506=$B$5),ROWS($A$76:A79)),IF(_xlpm.v="","",_xlpm.v)),""))} | E79: {=IF($B$5="","",IFERROR(_xlfn.LET(_xlpm.v,INDEX(_xlfn._xlws.FILTER('08 Safety log'!$D$7:$D$506,'08 Safety log'!$A$7:$A$506=$B$5),ROWS($A$76:A79)),IF(_xlpm.v="","",_xlpm.v)),""))} | F79: {=IF($B$5="","",IFERROR(_xlfn.LET(_xlpm.v,INDEX(_xlfn._xlws.FILTER('08 Safety log'!$E$7:$E$506,'08 Safety log'!$A$7:$A$506=$B$5),ROWS($A$76:A79)),IF(_xlpm.v="","",_xlpm.v)),""))} | G79: {=IF($B$5="","",IFERROR(_xlfn.LET(_xlpm.v,INDEX(_xlfn._xlws.FILTER('08 Safety log'!$F$7:$F$506,'08 Safety log'!$A$7:$A$506=$B$5),ROWS($A$76:A79)),IF(_xlpm.v="","",_xlpm.v)),""))} | H79: {=IF($B$5="","",IFERROR(_xlfn.LET(_xlpm.v,INDEX(_xlfn._xlws.FILTER('08 Safety log'!$G$7:$G$506,'08 Safety log'!$A$7:$A$506=$B$5),ROWS($A$76:A79)),IF(_xlpm.v="","",_xlpm.v)),""))}
A81: THIS REPORT IN NUMBERS
A82: People on site | C82: =C25 -> 28
A83: Man-hours | C83: =E25 -> 255
A84: Plant working | C84: =D37 -> 3
A85: Plant idle | C85: =E37 -> 2
A86: Quantities counted | C86: =COUNTIF(F41:F52,"Counted") -> 3
A87: Quantities estimated | C87: =COUNTIF(F41:F52,"Estimated") -> 1
A88: Not yet reported (on the list) | C88: =IF($B$5="","",COUNTIF('09 Not yet reported'!$A$7:$A$46,$B$5)) -> 2
A89: Events that could become a claim | C89: =COUNTIF(G65:G72,"Y") -> 2
A90: Deliveries short or damaged | C90: =COUNTIF(F56:F61,"Y") -> 0
A91: Safety incidents and near misses | C91: =COUNTIF(A76:A79,"Incident")+COUNTIF(A76:A79,"Near miss") -> 0

Sheet 02 Dashboard
B2: Daily reports | K2: The Project Control Hub
B3: =IF(COUNT('03 Day log'!$A$8:$A$38)=0,"Log your first day on the Day log",IF('14 Setup'!B6="","",'14 Setup'!B6&" · ")&"weekly view · log runs "&TEXT(MIN('03 Day log'!$A$8:$A$38),"d mmm")&" to "&TEXT(MAX('03 Day log'!$A$8:$A$38),"d mmm yyyy")&" · due by "&TEXT('14 Setup'!B7,"hh:mm")) -> Example project · weekly view · log runs 2 Mar to 13 Mar 2026 · due by 14:00
B4: WEEK | C4: 1 | E4: =IF(WeekStart="","","Mon "&TEXT(WeekStart,"d mmm")&" to Sun "&TEXT(WeekEnd,"d mmm yyyy")&" · week "&WeekNo&" of "&'15 Chart data'!$C$20&" · "&WeekReports&" reports") -> Mon 2 Mar to Sun 8 Mar 2026 · week 1 of 2 · 5 reports
B6: REPORTS ON TIME | D6: NEVER REVISED | F6: WORKING DAYS LOST | H6: AVERAGE ON SITE | J6: RAISED, NOT REPORTED | L6: POSSIBLE CLAIMS
B7: =IF(WeekReports=0,"",COUNTIFS('03 Day log'!$D$8:$D$38,"Y",'03 Day log'!$A$8:$A$38,">="&WeekStart,'03 Day log'!$A$8:$A$38,"<="&WeekEnd)/WeekReports) -> 0.8 | D7: =IF(WeekReports=0,"",COUNTIFS('03 Day log'!$E$8:$E$38,0,'03 Day log'!$A$8:$A$38,">="&WeekStart,'03 Day log'!$A$8:$A$38,"<="&WeekEnd)/WeekReports) -> 0.6 | F7: =COUNTIFS('03 Day log'!$G$8:$G$38,"Lost",'03 Day log'!$A$8:$A$38,">="&WeekStart,'03 Day log'!$A$8:$A$38,"<="&WeekEnd)+'14 Setup'!$B$9*COUNTIFS('03 Day log'!$G$8:$G$38,"Part lost",'03 Day log'!$A$8:$A$38,">="&WeekStart,'03 Day log'!$A$8:$A$38,"<="&WeekEnd) -> 2 | H7: =IF(WeekReports=0,"",AVERAGEIFS('03 Day log'!$H$8:$H$38,'03 Day log'!$A$8:$A$38,">="&WeekStart,'03 Day log'!$A$8:$A$38,"<="&WeekEnd)) -> 22.6 | J7: =COUNTIFS('09 Not yet reported'!$H$7:$H$46,"Open",'09 Not yet reported'!$A$7:$A$46,">="&WeekStart,'09 Not yet reported'!$A$7:$A$46,"<="&WeekEnd)+COUNTIFS('09 Not yet reported'!$H$7:$H$46,"Overdue",'09 Not yet reported'!$A$7:$A$46,">="&WeekStart,'09 Not yet reported'!$A$7:$A$46,"<="&WeekEnd) -> 2 | L7: =SUMIFS('03 Day log'!$K$8:$K$38,'03 Day log'!$A$8:$A$38,">="&WeekStart,'03 Day log'!$A$8:$A$38,"<="&WeekEnd) -> 2
B9: =COUNTIFS('03 Day log'!$D$8:$D$38,"N",'03 Day log'!$A$8:$A$38,">="&WeekStart,'03 Day log'!$A$8:$A$38,"<="&WeekEnd)&" late" -> 1 late | D9: ="the measure that matters · "&SUMIFS('03 Day log'!$E$8:$E$38,'03 Day log'!$A$8:$A$38,">="&WeekStart,'03 Day log'!$A$8:$A$38,"<="&WeekEnd)&" revisions" -> the measure that matters · 3 revisions | F9: =COUNTIFS('03 Day log'!$G$8:$G$38,"Lost",'03 Day log'!$A$8:$A$38,">="&WeekStart,'03 Day log'!$A$8:$A$38,"<="&WeekEnd)&" lost, "&COUNTIFS('03 Day log'!$G$8:$G$38,"Part lost",'03 Day log'!$A$8:$A$38,">="&WeekStart,'03 Day log'!$A$8:$A$38,"<="&WeekEnd)&" part lost" -> 1 lost, 2 part lost | H9: ="people a day · peak "&IF(WeekReports=0,0,_xlfn.MAXIFS('03 Day log'!$H$8:$H$38,'03 Day log'!$A$8:$A$38,">="&WeekStart,'03 Day log'!$A$8:$A$38,"<="&WeekEnd)) -> people a day · peak 28 | J9: ="raised this week · "&(COUNTIF('09 Not yet reported'!$H$7:$H$46,"Open")+COUNTIF('09 Not yet reported'!$H$7:$H$46,"Overdue"))&" open in total" -> raised this week · 2 open in total | L9: ="notices: "&COUNTIF('11 Notice calendar'!$G$7:$G$46,"Open")&" open, "&COUNTIF('11 Notice calendar'!$G$7:$G$46,"Overdue")&" overdue" -> notices: 2 open, 0 overdue
B12: =IF(WeekReports=0,"No reports logged for this week.","This week, of "&WeekReports&" reports, "&COUNTIFS('03 Day log'!$D$8:$D$38,"Y",'03 Day log'!$A$8:$A$38,">="&WeekStart,'03 Day log'!$A$8:$A$38,"<="&WeekEnd)&" went out on time and "&COUNTIFS('03 Day log'!$E$8:$E$38,0,'03 Day log'!$A$8:$A$38,">="&WeekStart,'03 Day log'!$A$8:$A$38,"<="&WeekEnd)&" never changed afterwards. Judge the report by the second number: a report that stands is worth more than one that arrives early and is corrected three times.") -> This week, of 5 reports, 4 went out on time and 3 never changed afterwards. Judge the report by the second number: a report that stands is worth more than one that arrives early and is corrected three times.
B15: THE WEEK IN FOUR CHARTS
B50: WHAT THIS WEEK’S REPORTS RECORD · the evidence a claim will ask for later
B51: Date | C51: Working day | D51: People | E51: Revisions | F51: Claims | G51: Key event
B52: ='15 Chart data'!$B26 -> 46083 | C52: ='15 Chart data'!$G26 -> Workable | D52: =IF('15 Chart data'!$D26="","",'15 Chart data'!$D26) -> 26 | E52: =IFERROR(IF('15 Chart data'!$E26="","",'15 Chart data'!$E26),"") -> 0 | F52: ='15 Chart data'!$H26 -> 0 | G52: =IF('15 Chart data'!$G26="","no report",'15 Chart data'!$I26) -> Piling P15 and P16
B53: ='15 Chart data'!$B27 -> 46084 | C53: ='15 Chart data'!$G27 -> Part lost | D53: =IF('15 Chart data'!$D27="","",'15 Chart data'!$D27) -> 28 | E53: =IFERROR(IF('15 Chart data'!$E27="","",'15 Chart data'!$E27),"") -> 1 | F53: ='15 Chart data'!$H27 -> 2 | G53: =IF('15 Chart data'!$G27="","no report",'15 Chart data'!$I27) -> Piling rig: penetration rate changed at P17 and P18, consistent with rock. Driller’s log kept.
B54: ='15 Chart data'!$B28 -> 46085 | C54: ='15 Chart data'!$G28 -> Part lost | D54: =IF('15 Chart data'!$D28="","",'15 Chart data'!$D28) -> 22 | E54: =IFERROR(IF('15 Chart data'!$E28="","",'15 Chart data'!$E28),"") -> 0 | F54: ='15 Chart data'!$H28 -> 0 | G54: =IF('15 Chart data'!$G28="","no report",'15 Chart data'!$I28) -> Bar schedule revision for bay 2 requested
B55: ='15 Chart data'!$B29 -> 46086 | C55: ='15 Chart data'!$G29 -> Lost | D55: =IF('15 Chart data'!$D29="","",'15 Chart data'!$D29) -> 10 | E55: =IFERROR(IF('15 Chart data'!$E29="","",'15 Chart data'!$E29),"") -> 2 | F55: ='15 Chart data'!$H29 -> 0 | G55: =IF('15 Chart data'!$G29="","no report",'15 Chart data'!$I29) -> No pours: heavy rain
B56: ='15 Chart data'!$B30 -> 46087 | C56: ='15 Chart data'!$G30 -> Workable | D56: =IF('15 Chart data'!$D30="","",'15 Chart data'!$D30) -> 27 | E56: =IFERROR(IF('15 Chart data'!$E30="","",'15 Chart data'!$E30),"") -> 0 | F56: ='15 Chart data'!$H30 -> 0 | G56: =IF('15 Chart data'!$G30="","no report",'15 Chart data'!$I30) -> Crane booked for 17 March
B57: ='15 Chart data'!$B31 -> 46088 | C57: ='15 Chart data'!$G31 | D57: =IF('15 Chart data'!$D31="","",'15 Chart data'!$D31) | E57: =IFERROR(IF('15 Chart data'!$E31="","",'15 Chart data'!$E31),"") | F57: ='15 Chart data'!$H31 | G57: =IF('15 Chart data'!$G31="","no report",'15 Chart data'!$I31) -> no report
B58: ='15 Chart data'!$B32 -> 46089 | C58: ='15 Chart data'!$G32 | D58: =IF('15 Chart data'!$D32="","",'15 Chart data'!$D32) | E58: =IFERROR(IF('15 Chart data'!$E32="","",'15 Chart data'!$E32),"") | F58: ='15 Chart data'!$H32 | G58: =IF('15 Chart data'!$G32="","no report",'15 Chart data'!$I32) -> no report
B61: WORK DONE THIS WEEK · quantities by P6 activity, from the Work done log
B62: P6 ID | C62: Activity | E62: Unit | F62: =WeekStart -> 46083 | G62: =IF(F62="","",F62+1) -> 46084 | H62: =IF(G62="","",G62+1) -> 46085 | I62: =IF(H62="","",H62+1) -> 46086 | J62: =IF(I62="","",I62+1) -> 46087 | K62: =IF(J62="","",J62+1) -> 46088 | L62: =IF(K62="","",K62+1) -> 46089 | M62: Week total
B63: {=IFERROR(INDEX(_xlfn._xlws.SORT(_xlfn.UNIQUE(_xlfn._xlws.FILTER('05 Work done log'!$B$7:$B$506,('05 Work done log'!$A$7:$A$506>=WeekStart)*('05 Work done log'!$A$7:$A$506<=WeekEnd)*('05 Work done log'!$B$7:$B$506<>"")))),ROWS($B$63:B63)),"")} -> A1000 | C63: =IF($B63="","",IFERROR(INDEX('12 P6 activities'!$B$7:$B$206,MATCH($B63,'12 P6 activities'!$A$7:$A$206,0)),"ID not in P6 list")) -> Bored piles, north | E63: =IF($B63="","",IFERROR(INDEX('12 P6 activities'!$E$7:$E$206,MATCH($B63,'12 P6 activities'!$A$7:$A$206,0)),"")) -> no. | F63: =IF($B63="","",SUMIFS('05 Work done log'!$F$7:$F$506,'05 Work done log'!$B$7:$B$506,$B63,'05 Work done log'!$A$7:$A$506,F$62)) -> 0 | G63: =IF($B63="","",SUMIFS('05 Work done log'!$F$7:$F$506,'05 Work done log'!$B$7:$B$506,$B63,'05 Work done log'!$A$7:$A$506,G$62)) -> 2 | H63: =IF($B63="","",SUMIFS('05 Work done log'!$F$7:$F$506,'05 Work done log'!$B$7:$B$506,$B63,'05 Work done log'!$A$7:$A$506,H$62)) -> 0 | I63: =IF($B63="","",SUMIFS('05 Work done log'!$F$7:$F$506,'05 Work done log'!$B$7:$B$506,$B63,'05 Work done log'!$A$7:$A$506,I$62)) -> 0 | J63: =IF($B63="","",SUMIFS('05 Work done log'!$F$7:$F$506,'05 Work done log'!$B$7:$B$506,$B63,'05 Work done log'!$A$7:$A$506,J$62)) -> 0 | K63: =IF($B63="","",SUMIFS('05 Work done log'!$F$7:$F$506,'05 Work done log'!$B$7:$B$506,$B63,'05 Work done log'!$A$7:$A$506,K$62)) -> 0 | L63: =IF($B63="","",SUMIFS('05 Work done log'!$F$7:$F$506,'05 Work done log'!$B$7:$B$506,$B63,'05 Work done log'!$A$7:$A$506,L$62)) -> 0 | M63: =IF($B63="","",SUM(F63:L63)) -> 2
B64: {=IFERROR(INDEX(_xlfn._xlws.SORT(_xlfn.UNIQUE(_xlfn._xlws.FILTER('05 Work done log'!$B$7:$B$506,('05 Work done log'!$A$7:$A$506>=WeekStart)*('05 Work done log'!$A$7:$A$506<=WeekEnd)*('05 Work done log'!$B$7:$B$506<>"")))),ROWS($B$63:B64)),"")} -> A1100 | C64: =IF($B64="","",IFERROR(INDEX('12 P6 activities'!$B$7:$B$206,MATCH($B64,'12 P6 activities'!$A$7:$A$206,0)),"ID not in P6 list")) -> Raft reinforcement, bay 1 | E64: =IF($B64="","",IFERROR(INDEX('12 P6 activities'!$E$7:$E$206,MATCH($B64,'12 P6 activities'!$A$7:$A$206,0)),"")) -> t | F64: =IF($B64="","",SUMIFS('05 Work done log'!$F$7:$F$506,'05 Work done log'!$B$7:$B$506,$B64,'05 Work done log'!$A$7:$A$506,F$62)) -> 0 | G64: =IF($B64="","",SUMIFS('05 Work done log'!$F$7:$F$506,'05 Work done log'!$B$7:$B$506,$B64,'05 Work done log'!$A$7:$A$506,G$62)) -> 3.5 | H64: =IF($B64="","",SUMIFS('05 Work done log'!$F$7:$F$506,'05 Work done log'!$B$7:$B$506,$B64,'05 Work done log'!$A$7:$A$506,H$62)) -> 0 | I64: =IF($B64="","",SUMIFS('05 Work done log'!$F$7:$F$506,'05 Work done log'!$B$7:$B$506,$B64,'05 Work done log'!$A$7:$A$506,I$62)) -> 0 | J64: =IF($B64="","",SUMIFS('05 Work done log'!$F$7:$F$506,'05 Work done log'!$B$7:$B$506,$B64,'05 Work done log'!$A$7:$A$506,J$62)) -> 0 | K64: =IF($B64="","",SUMIFS('05 Work done log'!$F$7:$F$506,'05 Work done log'!$B$7:$B$506,$B64,'05 Work done log'!$A$7:$A$506,K$62)) -> 0 | L64: =IF($B64="","",SUMIFS('05 Work done log'!$F$7:$F$506,'05 Work done log'!$B$7:$B$506,$B64,'05 Work done log'!$A$7:$A$506,L$62)) -> 0 | M64: =IF($B64="","",SUM(F64:L64)) -> 3.5
B65: {=IFERROR(INDEX(_xlfn._xlws.SORT(_xlfn.UNIQUE(_xlfn._xlws.FILTER('05 Work done log'!$B$7:$B$506,('05 Work done log'!$A$7:$A$506>=WeekStart)*('05 Work done log'!$A$7:$A$506<=WeekEnd)*('05 Work done log'!$B$7:$B$506<>"")))),ROWS($B$63:B65)),"")} -> A1200 | C65: =IF($B65="","",IFERROR(INDEX('12 P6 activities'!$B$7:$B$206,MATCH($B65,'12 P6 activities'!$A$7:$A$206,0)),"ID not in P6 list")) -> Blinding, substation slab | E65: =IF($B65="","",IFERROR(INDEX('12 P6 activities'!$E$7:$E$206,MATCH($B65,'12 P6 activities'!$A$7:$A$206,0)),"")) -> m² | F65: =IF($B65="","",SUMIFS('05 Work done log'!$F$7:$F$506,'05 Work done log'!$B$7:$B$506,$B65,'05 Work done log'!$A$7:$A$506,F$62)) -> 0 | G65: =IF($B65="","",SUMIFS('05 Work done log'!$F$7:$F$506,'05 Work done log'!$B$7:$B$506,$B65,'05 Work done log'!$A$7:$A$506,G$62)) -> 38 | H65: =IF($B65="","",SUMIFS('05 Work done log'!$F$7:$F$506,'05 Work done log'!$B$7:$B$506,$B65,'05 Work done log'!$A$7:$A$506,H$62)) -> 0 | I65: =IF($B65="","",SUMIFS('05 Work done log'!$F$7:$F$506,'05 Work done log'!$B$7:$B$506,$B65,'05 Work done log'!$A$7:$A$506,I$62)) -> 0 | J65: =IF($B65="","",SUMIFS('05 Work done log'!$F$7:$F$506,'05 Work done log'!$B$7:$B$506,$B65,'05 Work done log'!$A$7:$A$506,J$62)) -> 0 | K65: =IF($B65="","",SUMIFS('05 Work done log'!$F$7:$F$506,'05 Work done log'!$B$7:$B$506,$B65,'05 Work done log'!$A$7:$A$506,K$62)) -> 0 | L65: =IF($B65="","",SUMIFS('05 Work done log'!$F$7:$F$506,'05 Work done log'!$B$7:$B$506,$B65,'05 Work done log'!$A$7:$A$506,L$62)) -> 0 | M65: =IF($B65="","",SUM(F65:L65)) -> 38
B66: {=IFERROR(INDEX(_xlfn._xlws.SORT(_xlfn.UNIQUE(_xlfn._xlws.FILTER('05 Work done log'!$B$7:$B$506,('05 Work done log'!$A$7:$A$506>=WeekStart)*('05 Work done log'!$A$7:$A$506<=WeekEnd)*('05 Work done log'!$B$7:$B$506<>"")))),ROWS($B$63:B66)),"")} -> A1300 | C66: =IF($B66="","",IFERROR(INDEX('12 P6 activities'!$B$7:$B$206,MATCH($B66,'12 P6 activities'!$A$7:$A$206,0)),"ID not in P6 list")) -> Drainage run D2 | E66: =IF($B66="","",IFERROR(INDEX('12 P6 activities'!$E$7:$E$206,MATCH($B66,'12 P6 activities'!$A$7:$A$206,0)),"")) -> m | F66: =IF($B66="","",SUMIFS('05 Work done log'!$F$7:$F$506,'05 Work done log'!$B$7:$B$506,$B66,'05 Work done log'!$A$7:$A$506,F$62)) -> 0 | G66: =IF($B66="","",SUMIFS('05 Work done log'!$F$7:$F$506,'05 Work done log'!$B$7:$B$506,$B66,'05 Work done log'!$A$7:$A$506,G$62)) -> 24 | H66: =IF($B66="","",SUMIFS('05 Work done log'!$F$7:$F$506,'05 Work done log'!$B$7:$B$506,$B66,'05 Work done log'!$A$7:$A$506,H$62)) -> 0 | I66: =IF($B66="","",SUMIFS('05 Work done log'!$F$7:$F$506,'05 Work done log'!$B$7:$B$506,$B66,'05 Work done log'!$A$7:$A$506,I$62)) -> 0 | J66: =IF($B66="","",SUMIFS('05 Work done log'!$F$7:$F$506,'05 Work done log'!$B$7:$B$506,$B66,'05 Work done log'!$A$7:$A$506,J$62)) -> 0 | K66: =IF($B66="","",SUMIFS('05 Work done log'!$F$7:$F$506,'05 Work done log'!$B$7:$B$506,$B66,'05 Work done log'!$A$7:$A$506,K$62)) -> 0 | L66: =IF($B66="","",SUMIFS('05 Work done log'!$F$7:$F$506,'05 Work done log'!$B$7:$B$506,$B66,'05 Work done log'!$A$7:$A$506,L$62)) -> 0 | M66: =IF($B66="","",SUM(F66:L66)) -> 24
B67: {=IFERROR(INDEX(_xlfn._xlws.SORT(_xlfn.UNIQUE(_xlfn._xlws.FILTER('05 Work done log'!$B$7:$B$506,('05 Work done log'!$A$7:$A$506>=WeekStart)*('05 Work done log'!$A$7:$A$506<=WeekEnd)*('05 Work done log'!$B$7:$B$506<>"")))),ROWS($B$63:B67)),"")} | C67: =IF($B67="","",IFERROR(INDEX('12 P6 activities'!$B$7:$B$206,MATCH($B67,'12 P6 activities'!$A$7:$A$206,0)),"ID not in P6 list")) | E67: =IF($B67="","",IFERROR(INDEX('12 P6 activities'!$E$7:$E$206,MATCH($B67,'12 P6 activities'!$A$7:$A$206,0)),"")) | F67: =IF($B67="","",SUMIFS('05 Work done log'!$F$7:$F$506,'05 Work done log'!$B$7:$B$506,$B67,'05 Work done log'!$A$7:$A$506,F$62)) | G67: =IF($B67="","",SUMIFS('05 Work done log'!$F$7:$F$506,'05 Work done log'!$B$7:$B$506,$B67,'05 Work done log'!$A$7:$A$506,G$62)) | H67: =IF($B67="","",SUMIFS('05 Work done log'!$F$7:$F$506,'05 Work done log'!$B$7:$B$506,$B67,'05 Work done log'!$A$7:$A$506,H$62)) | I67: =IF($B67="","",SUMIFS('05 Work done log'!$F$7:$F$506,'05 Work done log'!$B$7:$B$506,$B67,'05 Work done log'!$A$7:$A$506,I$62)) | J67: =IF($B67="","",SUMIFS('05 Work done log'!$F$7:$F$506,'05 Work done log'!$B$7:$B$506,$B67,'05 Work done log'!$A$7:$A$506,J$62)) | K67: =IF($B67="","",SUMIFS('05 Work done log'!$F$7:$F$506,'05 Work done log'!$B$7:$B$506,$B67,'05 Work done log'!$A$7:$A$506,K$62)) | L67: =IF($B67="","",SUMIFS('05 Work done log'!$F$7:$F$506,'05 Work done log'!$B$7:$B$506,$B67,'05 Work done log'!$A$7:$A$506,L$62)) | M67: =IF($B67="","",SUM(F67:L67))
B68: {=IFERROR(INDEX(_xlfn._xlws.SORT(_xlfn.UNIQUE(_xlfn._xlws.FILTER('05 Work done log'!$B$7:$B$506,('05 Work done log'!$A$7:$A$506>=WeekStart)*('05 Work done log'!$A$7:$A$506<=WeekEnd)*('05 Work done log'!$B$7:$B$506<>"")))),ROWS($B$63:B68)),"")} | C68: =IF($B68="","",IFERROR(INDEX('12 P6 activities'!$B$7:$B$206,MATCH($B68,'12 P6 activities'!$A$7:$A$206,0)),"ID not in P6 list")) | E68: =IF($B68="","",IFERROR(INDEX('12 P6 activities'!$E$7:$E$206,MATCH($B68,'12 P6 activities'!$A$7:$A$206,0)),"")) | F68: =IF($B68="","",SUMIFS('05 Work done log'!$F$7:$F$506,'05 Work done log'!$B$7:$B$506,$B68,'05 Work done log'!$A$7:$A$506,F$62)) | G68: =IF($B68="","",SUMIFS('05 Work done log'!$F$7:$F$506,'05 Work done log'!$B$7:$B$506,$B68,'05 Work done log'!$A$7:$A$506,G$62)) | H68: =IF($B68="","",SUMIFS('05 Work done log'!$F$7:$F$506,'05 Work done log'!$B$7:$B$506,$B68,'05 Work done log'!$A$7:$A$506,H$62)) | I68: =IF($B68="","",SUMIFS('05 Work done log'!$F$7:$F$506,'05 Work done log'!$B$7:$B$506,$B68,'05 Work done log'!$A$7:$A$506,I$62)) | J68: =IF($B68="","",SUMIFS('05 Work done log'!$F$7:$F$506,'05 Work done log'!$B$7:$B$506,$B68,'05 Work done log'!$A$7:$A$506,J$62)) | K68: =IF($B68="","",SUMIFS('05 Work done log'!$F$7:$F$506,'05 Work done log'!$B$7:$B$506,$B68,'05 Work done log'!$A$7:$A$506,K$62)) | L68: =IF($B68="","",SUMIFS('05 Work done log'!$F$7:$F$506,'05 Work done log'!$B$7:$B$506,$B68,'05 Work done log'!$A$7:$A$506,L$62)) | M68: =IF($B68="","",SUM(F68:L68))
B69: {=IFERROR(INDEX(_xlfn._xlws.SORT(_xlfn.UNIQUE(_xlfn._xlws.FILTER('05 Work done log'!$B$7:$B$506,('05 Work done log'!$A$7:$A$506>=WeekStart)*('05 Work done log'!$A$7:$A$506<=WeekEnd)*('05 Work done log'!$B$7:$B$506<>"")))),ROWS($B$63:B69)),"")} | C69: =IF($B69="","",IFERROR(INDEX('12 P6 activities'!$B$7:$B$206,MATCH($B69,'12 P6 activities'!$A$7:$A$206,0)),"ID not in P6 list")) | E69: =IF($B69="","",IFERROR(INDEX('12 P6 activities'!$E$7:$E$206,MATCH($B69,'12 P6 activities'!$A$7:$A$206,0)),"")) | F69: =IF($B69="","",SUMIFS('05 Work done log'!$F$7:$F$506,'05 Work done log'!$B$7:$B$506,$B69,'05 Work done log'!$A$7:$A$506,F$62)) | G69: =IF($B69="","",SUMIFS('05 Work done log'!$F$7:$F$506,'05 Work done log'!$B$7:$B$506,$B69,'05 Work done log'!$A$7:$A$506,G$62)) | H69: =IF($B69="","",SUMIFS('05 Work done log'!$F$7:$F$506,'05 Work done log'!$B$7:$B$506,$B69,'05 Work done log'!$A$7:$A$506,H$62)) | I69: =IF($B69="","",SUMIFS('05 Work done log'!$F$7:$F$506,'05 Work done log'!$B$7:$B$506,$B69,'05 Work done log'!$A$7:$A$506,I$62)) | J69: =IF($B69="","",SUMIFS('05 Work done log'!$F$7:$F$506,'05 Work done log'!$B$7:$B$506,$B69,'05 Work done log'!$A$7:$A$506,J$62)) | K69: =IF($B69="","",SUMIFS('05 Work done log'!$F$7:$F$506,'05 Work done log'!$B$7:$B$506,$B69,'05 Work done log'!$A$7:$A$506,K$62)) | L69: =IF($B69="","",SUMIFS('05 Work done log'!$F$7:$F$506,'05 Work done log'!$B$7:$B$506,$B69,'05 Work done log'!$A$7:$A$506,L$62)) | M69: =IF($B69="","",SUM(F69:L69))
B70: {=IFERROR(INDEX(_xlfn._xlws.SORT(_xlfn.UNIQUE(_xlfn._xlws.FILTER('05 Work done log'!$B$7:$B$506,('05 Work done log'!$A$7:$A$506>=WeekStart)*('05 Work done log'!$A$7:$A$506<=WeekEnd)*('05 Work done log'!$B$7:$B$506<>"")))),ROWS($B$63:B70)),"")} | C70: =IF($B70="","",IFERROR(INDEX('12 P6 activities'!$B$7:$B$206,MATCH($B70,'12 P6 activities'!$A$7:$A$206,0)),"ID not in P6 list")) | E70: =IF($B70="","",IFERROR(INDEX('12 P6 activities'!$E$7:$E$206,MATCH($B70,'12 P6 activities'!$A$7:$A$206,0)),"")) | F70: =IF($B70="","",SUMIFS('05 Work done log'!$F$7:$F$506,'05 Work done log'!$B$7:$B$506,$B70,'05 Work done log'!$A$7:$A$506,F$62)) | G70: =IF($B70="","",SUMIFS('05 Work done log'!$F$7:$F$506,'05 Work done log'!$B$7:$B$506,$B70,'05 Work done log'!$A$7:$A$506,G$62)) | H70: =IF($B70="","",SUMIFS('05 Work done log'!$F$7:$F$506,'05 Work done log'!$B$7:$B$506,$B70,'05 Work done log'!$A$7:$A$506,H$62)) | I70: =IF($B70="","",SUMIFS('05 Work done log'!$F$7:$F$506,'05 Work done log'!$B$7:$B$506,$B70,'05 Work done log'!$A$7:$A$506,I$62)) | J70: =IF($B70="","",SUMIFS('05 Work done log'!$F$7:$F$506,'05 Work done log'!$B$7:$B$506,$B70,'05 Work done log'!$A$7:$A$506,J$62)) | K70: =IF($B70="","",SUMIFS('05 Work done log'!$F$7:$F$506,'05 Work done log'!$B$7:$B$506,$B70,'05 Work done log'!$A$7:$A$506,K$62)) | L70: =IF($B70="","",SUMIFS('05 Work done log'!$F$7:$F$506,'05 Work done log'!$B$7:$B$506,$B70,'05 Work done log'!$A$7:$A$506,L$62)) | M70: =IF($B70="","",SUM(F70:L70))
B71: {=IFERROR(INDEX(_xlfn._xlws.SORT(_xlfn.UNIQUE(_xlfn._xlws.FILTER('05 Work done log'!$B$7:$B$506,('05 Work done log'!$A$7:$A$506>=WeekStart)*('05 Work done log'!$A$7:$A$506<=WeekEnd)*('05 Work done log'!$B$7:$B$506<>"")))),ROWS($B$63:B71)),"")} | C71: =IF($B71="","",IFERROR(INDEX('12 P6 activities'!$B$7:$B$206,MATCH($B71,'12 P6 activities'!$A$7:$A$206,0)),"ID not in P6 list")) | E71: =IF($B71="","",IFERROR(INDEX('12 P6 activities'!$E$7:$E$206,MATCH($B71,'12 P6 activities'!$A$7:$A$206,0)),"")) | F71: =IF($B71="","",SUMIFS('05 Work done log'!$F$7:$F$506,'05 Work done log'!$B$7:$B$506,$B71,'05 Work done log'!$A$7:$A$506,F$62)) | G71: =IF($B71="","",SUMIFS('05 Work done log'!$F$7:$F$506,'05 Work done log'!$B$7:$B$506,$B71,'05 Work done log'!$A$7:$A$506,G$62)) | H71: =IF($B71="","",SUMIFS('05 Work done log'!$F$7:$F$506,'05 Work done log'!$B$7:$B$506,$B71,'05 Work done log'!$A$7:$A$506,H$62)) | I71: =IF($B71="","",SUMIFS('05 Work done log'!$F$7:$F$506,'05 Work done log'!$B$7:$B$506,$B71,'05 Work done log'!$A$7:$A$506,I$62)) | J71: =IF($B71="","",SUMIFS('05 Work done log'!$F$7:$F$506,'05 Work done log'!$B$7:$B$506,$B71,'05 Work done log'!$A$7:$A$506,J$62)) | K71: =IF($B71="","",SUMIFS('05 Work done log'!$F$7:$F$506,'05 Work done log'!$B$7:$B$506,$B71,'05 Work done log'!$A$7:$A$506,K$62)) | L71: =IF($B71="","",SUMIFS('05 Work done log'!$F$7:$F$506,'05 Work done log'!$B$7:$B$506,$B71,'05 Work done log'!$A$7:$A$506,L$62)) | M71: =IF($B71="","",SUM(F71:L71))
B72: {=IFERROR(INDEX(_xlfn._xlws.SORT(_xlfn.UNIQUE(_xlfn._xlws.FILTER('05 Work done log'!$B$7:$B$506,('05 Work done log'!$A$7:$A$506>=WeekStart)*('05 Work done log'!$A$7:$A$506<=WeekEnd)*('05 Work done log'!$B$7:$B$506<>"")))),ROWS($B$63:B72)),"")} | C72: =IF($B72="","",IFERROR(INDEX('12 P6 activities'!$B$7:$B$206,MATCH($B72,'12 P6 activities'!$A$7:$A$206,0)),"ID not in P6 list")) | E72: =IF($B72="","",IFERROR(INDEX('12 P6 activities'!$E$7:$E$206,MATCH($B72,'12 P6 activities'!$A$7:$A$206,0)),"")) | F72: =IF($B72="","",SUMIFS('05 Work done log'!$F$7:$F$506,'05 Work done log'!$B$7:$B$506,$B72,'05 Work done log'!$A$7:$A$506,F$62)) | G72: =IF($B72="","",SUMIFS('05 Work done log'!$F$7:$F$506,'05 Work done log'!$B$7:$B$506,$B72,'05 Work done log'!$A$7:$A$506,G$62)) | H72: =IF($B72="","",SUMIFS('05 Work done log'!$F$7:$F$506,'05 Work done log'!$B$7:$B$506,$B72,'05 Work done log'!$A$7:$A$506,H$62)) | I72: =IF($B72="","",SUMIFS('05 Work done log'!$F$7:$F$506,'05 Work done log'!$B$7:$B$506,$B72,'05 Work done log'!$A$7:$A$506,I$62)) | J72: =IF($B72="","",SUMIFS('05 Work done log'!$F$7:$F$506,'05 Work done log'!$B$7:$B$506,$B72,'05 Work done log'!$A$7:$A$506,J$62)) | K72: =IF($B72="","",SUMIFS('05 Work done log'!$F$7:$F$506,'05 Work done log'!$B$7:$B$506,$B72,'05 Work done log'!$A$7:$A$506,K$62)) | L72: =IF($B72="","",SUMIFS('05 Work done log'!$F$7:$F$506,'05 Work done log'!$B$7:$B$506,$B72,'05 Work done log'!$A$7:$A$506,L$62)) | M72: =IF($B72="","",SUM(F72:L72))
B73: {=IFERROR(INDEX(_xlfn._xlws.SORT(_xlfn.UNIQUE(_xlfn._xlws.FILTER('05 Work done log'!$B$7:$B$506,('05 Work done log'!$A$7:$A$506>=WeekStart)*('05 Work done log'!$A$7:$A$506<=WeekEnd)*('05 Work done log'!$B$7:$B$506<>"")))),ROWS($B$63:B73)),"")} | C73: =IF($B73="","",IFERROR(INDEX('12 P6 activities'!$B$7:$B$206,MATCH($B73,'12 P6 activities'!$A$7:$A$206,0)),"ID not in P6 list")) | E73: =IF($B73="","",IFERROR(INDEX('12 P6 activities'!$E$7:$E$206,MATCH($B73,'12 P6 activities'!$A$7:$A$206,0)),"")) | F73: =IF($B73="","",SUMIFS('05 Work done log'!$F$7:$F$506,'05 Work done log'!$B$7:$B$506,$B73,'05 Work done log'!$A$7:$A$506,F$62)) | G73: =IF($B73="","",SUMIFS('05 Work done log'!$F$7:$F$506,'05 Work done log'!$B$7:$B$506,$B73,'05 Work done log'!$A$7:$A$506,G$62)) | H73: =IF($B73="","",SUMIFS('05 Work done log'!$F$7:$F$506,'05 Work done log'!$B$7:$B$506,$B73,'05 Work done log'!$A$7:$A$506,H$62)) | I73: =IF($B73="","",SUMIFS('05 Work done log'!$F$7:$F$506,'05 Work done log'!$B$7:$B$506,$B73,'05 Work done log'!$A$7:$A$506,I$62)) | J73: =IF($B73="","",SUMIFS('05 Work done log'!$F$7:$F$506,'05 Work done log'!$B$7:$B$506,$B73,'05 Work done log'!$A$7:$A$506,J$62)) | K73: =IF($B73="","",SUMIFS('05 Work done log'!$F$7:$F$506,'05 Work done log'!$B$7:$B$506,$B73,'05 Work done log'!$A$7:$A$506,K$62)) | L73: =IF($B73="","",SUMIFS('05 Work done log'!$F$7:$F$506,'05 Work done log'!$B$7:$B$506,$B73,'05 Work done log'!$A$7:$A$506,L$62)) | M73: =IF($B73="","",SUM(F73:L73))
B74: {=IFERROR(INDEX(_xlfn._xlws.SORT(_xlfn.UNIQUE(_xlfn._xlws.FILTER('05 Work done log'!$B$7:$B$506,('05 Work done log'!$A$7:$A$506>=WeekStart)*('05 Work done log'!$A$7:$A$506<=WeekEnd)*('05 Work done log'!$B$7:$B$506<>"")))),ROWS($B$63:B74)),"")} | C74: =IF($B74="","",IFERROR(INDEX('12 P6 activities'!$B$7:$B$206,MATCH($B74,'12 P6 activities'!$A$7:$A$206,0)),"ID not in P6 list")) | E74: =IF($B74="","",IFERROR(INDEX('12 P6 activities'!$E$7:$E$206,MATCH($B74,'12 P6 activities'!$A$7:$A$206,0)),"")) | F74: =IF($B74="","",SUMIFS('05 Work done log'!$F$7:$F$506,'05 Work done log'!$B$7:$B$506,$B74,'05 Work done log'!$A$7:$A$506,F$62)) | G74: =IF($B74="","",SUMIFS('05 Work done log'!$F$7:$F$506,'05 Work done log'!$B$7:$B$506,$B74,'05 Work done log'!$A$7:$A$506,G$62)) | H74: =IF($B74="","",SUMIFS('05 Work done log'!$F$7:$F$506,'05 Work done log'!$B$7:$B$506,$B74,'05 Work done log'!$A$7:$A$506,H$62)) | I74: =IF($B74="","",SUMIFS('05 Work done log'!$F$7:$F$506,'05 Work done log'!$B$7:$B$506,$B74,'05 Work done log'!$A$7:$A$506,I$62)) | J74: =IF($B74="","",SUMIFS('05 Work done log'!$F$7:$F$506,'05 Work done log'!$B$7:$B$506,$B74,'05 Work done log'!$A$7:$A$506,J$62)) | K74: =IF($B74="","",SUMIFS('05 Work done log'!$F$7:$F$506,'05 Work done log'!$B$7:$B$506,$B74,'05 Work done log'!$A$7:$A$506,K$62)) | L74: =IF($B74="","",SUMIFS('05 Work done log'!$F$7:$F$506,'05 Work done log'!$B$7:$B$506,$B74,'05 Work done log'!$A$7:$A$506,L$62)) | M74: =IF($B74="","",SUM(F74:L74))
B75: =IF(COUNTIF($B$63:$B$74,"?*")=0,"No work booked against a P6 activity this week. Paste each day's lines into the Work done log.","")
B77: ="PRODUCTIVITY THIS WEEK · earned ÷ actual man-hours against the Contract hours norms"&IF(N($J$91)=0,""," · overall "&TEXT($J$91,"0.00")&"x") -> PRODUCTIVITY THIS WEEK · earned ÷ actual man-hours against the Contract hours norms · overall 1.01x
B78: P6 ID | C78: Activity | E78: Unit | F78: Quantity this week | G78: Norm (mh / unit) | H78: Earned man-hours | I78: Actual man-hours | J78: Productivity this week | K78: Contract man-hours | L78: % complete | M78: Productivity to date
B79: {=IFERROR(INDEX(_xlfn._xlws.SORT(_xlfn.UNIQUE(_xlfn._xlws.FILTER('04 Resource log'!$B$7:$B$506,('04 Resource log'!$A$7:$A$506>=WeekStart)*('04 Resource log'!$A$7:$A$506<=WeekEnd)*('04 Resource log'!$E$7:$E$506="Labour")*('04 Resource log'!$B$7:$B$506<>"")*('04 Resource log'!$B$7:$B$506<>"INDIRECT")))),ROWS($B$79:B79)),"")} -> A1000 | C79: =IF($B79="","",IFERROR(INDEX('13 Contract hours'!$B$7:$B$206,MATCH($B79,'13 Contract hours'!$A$7:$A$206,0)),"")) -> Bored piles, north | E79: =IF($B79="","",IFERROR(INDEX('13 Contract hours'!$D$7:$D$206,MATCH($B79,'13 Contract hours'!$A$7:$A$206,0)),"")) -> no. | F79: =IF($B79="","",SUMIFS('05 Work done log'!$F$7:$F$506,'05 Work done log'!$B$7:$B$506,$B79,'05 Work done log'!$A$7:$A$506,">="&WeekStart,'05 Work done log'!$A$7:$A$506,"<="&WeekEnd)) -> 2 | G79: =IF($B79="","",IFERROR(INDEX('13 Contract hours'!$G$7:$G$206,MATCH($B79,'13 Contract hours'!$A$7:$A$206,0)),"")) -> 25 | H79: =IF(OR($B79="",$G79=""),"",$F79*$G79) -> 50 | I79: =IF($B79="","",SUMIFS('04 Resource log'!$J$7:$J$506,'04 Resource log'!$B$7:$B$506,$B79,'04 Resource log'!$E$7:$E$506,"Labour",'04 Resource log'!$A$7:$A$506,">="&WeekStart,'04 Resource log'!$A$7:$A$506,"<="&WeekEnd)) -> 54 | J79: =IF(OR($H79="",N($I79)=0),"",$H79/$I79) -> 0.92592593 | K79: =IF($B79="","",IFERROR(INDEX('13 Contract hours'!$F$7:$F$206,MATCH($B79,'13 Contract hours'!$A$7:$A$206,0)),"")) -> 1000 | L79: =IF($B79="","",IFERROR(INDEX('13 Contract hours'!$K$7:$K$206,MATCH($B79,'13 Contract hours'!$A$7:$A$206,0)),"")) -> 0.05 | M79: =IF($B79="","",IFERROR(INDEX('13 Contract hours'!$L$7:$L$206,MATCH($B79,'13 Contract hours'!$A$7:$A$206,0)),"")) -> 0.92592593
B80: {=IFERROR(INDEX(_xlfn._xlws.SORT(_xlfn.UNIQUE(_xlfn._xlws.FILTER('04 Resource log'!$B$7:$B$506,('04 Resource log'!$A$7:$A$506>=WeekStart)*('04 Resource log'!$A$7:$A$506<=WeekEnd)*('04 Resource log'!$E$7:$E$506="Labour")*('04 Resource log'!$B$7:$B$506<>"")*('04 Resource log'!$B$7:$B$506<>"INDIRECT")))),ROWS($B$79:B80)),"")} -> A1100 | C80: =IF($B80="","",IFERROR(INDEX('13 Contract hours'!$B$7:$B$206,MATCH($B80,'13 Contract hours'!$A$7:$A$206,0)),"")) -> Raft reinforcement, bay 1 | E80: =IF($B80="","",IFERROR(INDEX('13 Contract hours'!$D$7:$D$206,MATCH($B80,'13 Contract hours'!$A$7:$A$206,0)),"")) -> t | F80: =IF($B80="","",SUMIFS('05 Work done log'!$F$7:$F$506,'05 Work done log'!$B$7:$B$506,$B80,'05 Work done log'!$A$7:$A$506,">="&WeekStart,'05 Work done log'!$A$7:$A$506,"<="&WeekEnd)) -> 3.5 | G80: =IF($B80="","",IFERROR(INDEX('13 Contract hours'!$G$7:$G$206,MATCH($B80,'13 Contract hours'!$A$7:$A$206,0)),"")) -> 15 | H80: =IF(OR($B80="",$G80=""),"",$F80*$G80) -> 52.5 | I80: =IF($B80="","",SUMIFS('04 Resource log'!$J$7:$J$506,'04 Resource log'!$B$7:$B$506,$B80,'04 Resource log'!$E$7:$E$506,"Labour",'04 Resource log'!$A$7:$A$506,">="&WeekStart,'04 Resource log'!$A$7:$A$506,"<="&WeekEnd)) -> 72 | J80: =IF(OR($H80="",N($I80)=0),"",$H80/$I80) -> 0.72916667 | K80: =IF($B80="","",IFERROR(INDEX('13 Contract hours'!$F$7:$F$206,MATCH($B80,'13 Contract hours'!$A$7:$A$206,0)),"")) -> 900 | L80: =IF($B80="","",IFERROR(INDEX('13 Contract hours'!$K$7:$K$206,MATCH($B80,'13 Contract hours'!$A$7:$A$206,0)),"")) -> 0.058333333 | M80: =IF($B80="","",IFERROR(INDEX('13 Contract hours'!$L$7:$L$206,MATCH($B80,'13 Contract hours'!$A$7:$A$206,0)),"")) -> 0.72916667
B81: {=IFERROR(INDEX(_xlfn._xlws.SORT(_xlfn.UNIQUE(_xlfn._xlws.FILTER('04 Resource log'!$B$7:$B$506,('04 Resource log'!$A$7:$A$506>=WeekStart)*('04 Resource log'!$A$7:$A$506<=WeekEnd)*('04 Resource log'!$E$7:$E$506="Labour")*('04 Resource log'!$B$7:$B$506<>"")*('04 Resource log'!$B$7:$B$506<>"INDIRECT")))),ROWS($B$79:B81)),"")} -> A1200 | C81: =IF($B81="","",IFERROR(INDEX('13 Contract hours'!$B$7:$B$206,MATCH($B81,'13 Contract hours'!$A$7:$A$206,0)),"")) -> Blinding, substation slab | E81: =IF($B81="","",IFERROR(INDEX('13 Contract hours'!$D$7:$D$206,MATCH($B81,'13 Contract hours'!$A$7:$A$206,0)),"")) -> m² | F81: =IF($B81="","",SUMIFS('05 Work done log'!$F$7:$F$506,'05 Work done log'!$B$7:$B$506,$B81,'05 Work done log'!$A$7:$A$506,">="&WeekStart,'05 Work done log'!$A$7:$A$506,"<="&WeekEnd)) -> 38 | G81: =IF($B81="","",IFERROR(INDEX('13 Contract hours'!$G$7:$G$206,MATCH($B81,'13 Contract hours'!$A$7:$A$206,0)),"")) -> 2 | H81: =IF(OR($B81="",$G81=""),"",$F81*$G81) -> 76 | I81: =IF($B81="","",SUMIFS('04 Resource log'!$J$7:$J$506,'04 Resource log'!$B$7:$B$506,$B81,'04 Resource log'!$E$7:$E$506,"Labour",'04 Resource log'!$A$7:$A$506,">="&WeekStart,'04 Resource log'!$A$7:$A$506,"<="&WeekEnd)) -> 54 | J81: =IF(OR($H81="",N($I81)=0),"",$H81/$I81) -> 1.4074074 | K81: =IF($B81="","",IFERROR(INDEX('13 Contract hours'!$F$7:$F$206,MATCH($B81,'13 Contract hours'!$A$7:$A$206,0)),"")) -> 300 | L81: =IF($B81="","",IFERROR(INDEX('13 Contract hours'!$K$7:$K$206,MATCH($B81,'13 Contract hours'!$A$7:$A$206,0)),"")) -> 0.25333333 | M81: =IF($B81="","",IFERROR(INDEX('13 Contract hours'!$L$7:$L$206,MATCH($B81,'13 Contract hours'!$A$7:$A$206,0)),"")) -> 1.4074074
B82: {=IFERROR(INDEX(_xlfn._xlws.SORT(_xlfn.UNIQUE(_xlfn._xlws.FILTER('04 Resource log'!$B$7:$B$506,('04 Resource log'!$A$7:$A$506>=WeekStart)*('04 Resource log'!$A$7:$A$506<=WeekEnd)*('04 Resource log'!$E$7:$E$506="Labour")*('04 Resource log'!$B$7:$B$506<>"")*('04 Resource log'!$B$7:$B$506<>"INDIRECT")))),ROWS($B$79:B82)),"")} -> A1300 | C82: =IF($B82="","",IFERROR(INDEX('13 Contract hours'!$B$7:$B$206,MATCH($B82,'13 Contract hours'!$A$7:$A$206,0)),"")) -> Drainage run D2 | E82: =IF($B82="","",IFERROR(INDEX('13 Contract hours'!$D$7:$D$206,MATCH($B82,'13 Contract hours'!$A$7:$A$206,0)),"")) -> m | F82: =IF($B82="","",SUMIFS('05 Work done log'!$F$7:$F$506,'05 Work done log'!$B$7:$B$506,$B82,'05 Work done log'!$A$7:$A$506,">="&WeekStart,'05 Work done log'!$A$7:$A$506,"<="&WeekEnd)) -> 24 | G82: =IF($B82="","",IFERROR(INDEX('13 Contract hours'!$G$7:$G$206,MATCH($B82,'13 Contract hours'!$A$7:$A$206,0)),"")) -> 2 | H82: =IF(OR($B82="",$G82=""),"",$F82*$G82) -> 48 | I82: =IF($B82="","",SUMIFS('04 Resource log'!$J$7:$J$506,'04 Resource log'!$B$7:$B$506,$B82,'04 Resource log'!$E$7:$E$506,"Labour",'04 Resource log'!$A$7:$A$506,">="&WeekStart,'04 Resource log'!$A$7:$A$506,"<="&WeekEnd)) -> 45 | J82: =IF(OR($H82="",N($I82)=0),"",$H82/$I82) -> 1.0666667 | K82: =IF($B82="","",IFERROR(INDEX('13 Contract hours'!$F$7:$F$206,MATCH($B82,'13 Contract hours'!$A$7:$A$206,0)),"")) -> 240 | L82: =IF($B82="","",IFERROR(INDEX('13 Contract hours'!$K$7:$K$206,MATCH($B82,'13 Contract hours'!$A$7:$A$206,0)),"")) -> 0.2 | M82: =IF($B82="","",IFERROR(INDEX('13 Contract hours'!$L$7:$L$206,MATCH($B82,'13 Contract hours'!$A$7:$A$206,0)),"")) -> 1.0666667
B83: {=IFERROR(INDEX(_xlfn._xlws.SORT(_xlfn.UNIQUE(_xlfn._xlws.FILTER('04 Resource log'!$B$7:$B$506,('04 Resource log'!$A$7:$A$506>=WeekStart)*('04 Resource log'!$A$7:$A$506<=WeekEnd)*('04 Resource log'!$E$7:$E$506="Labour")*('04 Resource log'!$B$7:$B$506<>"")*('04 Resource log'!$B$7:$B$506<>"INDIRECT")))),ROWS($B$79:B83)),"")} | C83: =IF($B83="","",IFERROR(INDEX('13 Contract hours'!$B$7:$B$206,MATCH($B83,'13 Contract hours'!$A$7:$A$206,0)),"")) | E83: =IF($B83="","",IFERROR(INDEX('13 Contract hours'!$D$7:$D$206,MATCH($B83,'13 Contract hours'!$A$7:$A$206,0)),"")) | F83: =IF($B83="","",SUMIFS('05 Work done log'!$F$7:$F$506,'05 Work done log'!$B$7:$B$506,$B83,'05 Work done log'!$A$7:$A$506,">="&WeekStart,'05 Work done log'!$A$7:$A$506,"<="&WeekEnd)) | G83: =IF($B83="","",IFERROR(INDEX('13 Contract hours'!$G$7:$G$206,MATCH($B83,'13 Contract hours'!$A$7:$A$206,0)),"")) | H83: =IF(OR($B83="",$G83=""),"",$F83*$G83) | I83: =IF($B83="","",SUMIFS('04 Resource log'!$J$7:$J$506,'04 Resource log'!$B$7:$B$506,$B83,'04 Resource log'!$E$7:$E$506,"Labour",'04 Resource log'!$A$7:$A$506,">="&WeekStart,'04 Resource log'!$A$7:$A$506,"<="&WeekEnd)) | J83: =IF(OR($H83="",N($I83)=0),"",$H83/$I83) | K83: =IF($B83="","",IFERROR(INDEX('13 Contract hours'!$F$7:$F$206,MATCH($B83,'13 Contract hours'!$A$7:$A$206,0)),"")) | L83: =IF($B83="","",IFERROR(INDEX('13 Contract hours'!$K$7:$K$206,MATCH($B83,'13 Contract hours'!$A$7:$A$206,0)),"")) | M83: =IF($B83="","",IFERROR(INDEX('13 Contract hours'!$L$7:$L$206,MATCH($B83,'13 Contract hours'!$A$7:$A$206,0)),""))
B84: {=IFERROR(INDEX(_xlfn._xlws.SORT(_xlfn.UNIQUE(_xlfn._xlws.FILTER('04 Resource log'!$B$7:$B$506,('04 Resource log'!$A$7:$A$506>=WeekStart)*('04 Resource log'!$A$7:$A$506<=WeekEnd)*('04 Resource log'!$E$7:$E$506="Labour")*('04 Resource log'!$B$7:$B$506<>"")*('04 Resource log'!$B$7:$B$506<>"INDIRECT")))),ROWS($B$79:B84)),"")} | C84: =IF($B84="","",IFERROR(INDEX('13 Contract hours'!$B$7:$B$206,MATCH($B84,'13 Contract hours'!$A$7:$A$206,0)),"")) | E84: =IF($B84="","",IFERROR(INDEX('13 Contract hours'!$D$7:$D$206,MATCH($B84,'13 Contract hours'!$A$7:$A$206,0)),"")) | F84: =IF($B84="","",SUMIFS('05 Work done log'!$F$7:$F$506,'05 Work done log'!$B$7:$B$506,$B84,'05 Work done log'!$A$7:$A$506,">="&WeekStart,'05 Work done log'!$A$7:$A$506,"<="&WeekEnd)) | G84: =IF($B84="","",IFERROR(INDEX('13 Contract hours'!$G$7:$G$206,MATCH($B84,'13 Contract hours'!$A$7:$A$206,0)),"")) | H84: =IF(OR($B84="",$G84=""),"",$F84*$G84) | I84: =IF($B84="","",SUMIFS('04 Resource log'!$J$7:$J$506,'04 Resource log'!$B$7:$B$506,$B84,'04 Resource log'!$E$7:$E$506,"Labour",'04 Resource log'!$A$7:$A$506,">="&WeekStart,'04 Resource log'!$A$7:$A$506,"<="&WeekEnd)) | J84: =IF(OR($H84="",N($I84)=0),"",$H84/$I84) | K84: =IF($B84="","",IFERROR(INDEX('13 Contract hours'!$F$7:$F$206,MATCH($B84,'13 Contract hours'!$A$7:$A$206,0)),"")) | L84: =IF($B84="","",IFERROR(INDEX('13 Contract hours'!$K$7:$K$206,MATCH($B84,'13 Contract hours'!$A$7:$A$206,0)),"")) | M84: =IF($B84="","",IFERROR(INDEX('13 Contract hours'!$L$7:$L$206,MATCH($B84,'13 Contract hours'!$A$7:$A$206,0)),""))
B85: {=IFERROR(INDEX(_xlfn._xlws.SORT(_xlfn.UNIQUE(_xlfn._xlws.FILTER('04 Resource log'!$B$7:$B$506,('04 Resource log'!$A$7:$A$506>=WeekStart)*('04 Resource log'!$A$7:$A$506<=WeekEnd)*('04 Resource log'!$E$7:$E$506="Labour")*('04 Resource log'!$B$7:$B$506<>"")*('04 Resource log'!$B$7:$B$506<>"INDIRECT")))),ROWS($B$79:B85)),"")} | C85: =IF($B85="","",IFERROR(INDEX('13 Contract hours'!$B$7:$B$206,MATCH($B85,'13 Contract hours'!$A$7:$A$206,0)),"")) | E85: =IF($B85="","",IFERROR(INDEX('13 Contract hours'!$D$7:$D$206,MATCH($B85,'13 Contract hours'!$A$7:$A$206,0)),"")) | F85: =IF($B85="","",SUMIFS('05 Work done log'!$F$7:$F$506,'05 Work done log'!$B$7:$B$506,$B85,'05 Work done log'!$A$7:$A$506,">="&WeekStart,'05 Work done log'!$A$7:$A$506,"<="&WeekEnd)) | G85: =IF($B85="","",IFERROR(INDEX('13 Contract hours'!$G$7:$G$206,MATCH($B85,'13 Contract hours'!$A$7:$A$206,0)),"")) | H85: =IF(OR($B85="",$G85=""),"",$F85*$G85) | I85: =IF($B85="","",SUMIFS('04 Resource log'!$J$7:$J$506,'04 Resource log'!$B$7:$B$506,$B85,'04 Resource log'!$E$7:$E$506,"Labour",'04 Resource log'!$A$7:$A$506,">="&WeekStart,'04 Resource log'!$A$7:$A$506,"<="&WeekEnd)) | J85: =IF(OR($H85="",N($I85)=0),"",$H85/$I85) | K85: =IF($B85="","",IFERROR(INDEX('13 Contract hours'!$F$7:$F$206,MATCH($B85,'13 Contract hours'!$A$7:$A$206,0)),"")) | L85: =IF($B85="","",IFERROR(INDEX('13 Contract hours'!$K$7:$K$206,MATCH($B85,'13 Contract hours'!$A$7:$A$206,0)),"")) | M85: =IF($B85="","",IFERROR(INDEX('13 Contract hours'!$L$7:$L$206,MATCH($B85,'13 Contract hours'!$A$7:$A$206,0)),""))
B86: {=IFERROR(INDEX(_xlfn._xlws.SORT(_xlfn.UNIQUE(_xlfn._xlws.FILTER('04 Resource log'!$B$7:$B$506,('04 Resource log'!$A$7:$A$506>=WeekStart)*('04 Resource log'!$A$7:$A$506<=WeekEnd)*('04 Resource log'!$E$7:$E$506="Labour")*('04 Resource log'!$B$7:$B$506<>"")*('04 Resource log'!$B$7:$B$506<>"INDIRECT")))),ROWS($B$79:B86)),"")} | C86: =IF($B86="","",IFERROR(INDEX('13 Contract hours'!$B$7:$B$206,MATCH($B86,'13 Contract hours'!$A$7:$A$206,0)),"")) | E86: =IF($B86="","",IFERROR(INDEX('13 Contract hours'!$D$7:$D$206,MATCH($B86,'13 Contract hours'!$A$7:$A$206,0)),"")) | F86: =IF($B86="","",SUMIFS('05 Work done log'!$F$7:$F$506,'05 Work done log'!$B$7:$B$506,$B86,'05 Work done log'!$A$7:$A$506,">="&WeekStart,'05 Work done log'!$A$7:$A$506,"<="&WeekEnd)) | G86: =IF($B86="","",IFERROR(INDEX('13 Contract hours'!$G$7:$G$206,MATCH($B86,'13 Contract hours'!$A$7:$A$206,0)),"")) | H86: =IF(OR($B86="",$G86=""),"",$F86*$G86) | I86: =IF($B86="","",SUMIFS('04 Resource log'!$J$7:$J$506,'04 Resource log'!$B$7:$B$506,$B86,'04 Resource log'!$E$7:$E$506,"Labour",'04 Resource log'!$A$7:$A$506,">="&WeekStart,'04 Resource log'!$A$7:$A$506,"<="&WeekEnd)) | J86: =IF(OR($H86="",N($I86)=0),"",$H86/$I86) | K86: =IF($B86="","",IFERROR(INDEX('13 Contract hours'!$F$7:$F$206,MATCH($B86,'13 Contract hours'!$A$7:$A$206,0)),"")) | L86: =IF($B86="","",IFERROR(INDEX('13 Contract hours'!$K$7:$K$206,MATCH($B86,'13 Contract hours'!$A$7:$A$206,0)),"")) | M86: =IF($B86="","",IFERROR(INDEX('13 Contract hours'!$L$7:$L$206,MATCH($B86,'13 Contract hours'!$A$7:$A$206,0)),""))
B87: {=IFERROR(INDEX(_xlfn._xlws.SORT(_xlfn.UNIQUE(_xlfn._xlws.FILTER('04 Resource log'!$B$7:$B$506,('04 Resource log'!$A$7:$A$506>=WeekStart)*('04 Resource log'!$A$7:$A$506<=WeekEnd)*('04 Resource log'!$E$7:$E$506="Labour")*('04 Resource log'!$B$7:$B$506<>"")*('04 Resource log'!$B$7:$B$506<>"INDIRECT")))),ROWS($B$79:B87)),"")} | C87: =IF($B87="","",IFERROR(INDEX('13 Contract hours'!$B$7:$B$206,MATCH($B87,'13 Contract hours'!$A$7:$A$206,0)),"")) | E87: =IF($B87="","",IFERROR(INDEX('13 Contract hours'!$D$7:$D$206,MATCH($B87,'13 Contract hours'!$A$7:$A$206,0)),"")) | F87: =IF($B87="","",SUMIFS('05 Work done log'!$F$7:$F$506,'05 Work done log'!$B$7:$B$506,$B87,'05 Work done log'!$A$7:$A$506,">="&WeekStart,'05 Work done log'!$A$7:$A$506,"<="&WeekEnd)) | G87: =IF($B87="","",IFERROR(INDEX('13 Contract hours'!$G$7:$G$206,MATCH($B87,'13 Contract hours'!$A$7:$A$206,0)),"")) | H87: =IF(OR($B87="",$G87=""),"",$F87*$G87) | I87: =IF($B87="","",SUMIFS('04 Resource log'!$J$7:$J$506,'04 Resource log'!$B$7:$B$506,$B87,'04 Resource log'!$E$7:$E$506,"Labour",'04 Resource log'!$A$7:$A$506,">="&WeekStart,'04 Resource log'!$A$7:$A$506,"<="&WeekEnd)) | J87: =IF(OR($H87="",N($I87)=0),"",$H87/$I87) | K87: =IF($B87="","",IFERROR(INDEX('13 Contract hours'!$F$7:$F$206,MATCH($B87,'13 Contract hours'!$A$7:$A$206,0)),"")) | L87: =IF($B87="","",IFERROR(INDEX('13 Contract hours'!$K$7:$K$206,MATCH($B87,'13 Contract hours'!$A$7:$A$206,0)),"")) | M87: =IF($B87="","",IFERROR(INDEX('13 Contract hours'!$L$7:$L$206,MATCH($B87,'13 Contract hours'!$A$7:$A$206,0)),""))
B88: {=IFERROR(INDEX(_xlfn._xlws.SORT(_xlfn.UNIQUE(_xlfn._xlws.FILTER('04 Resource log'!$B$7:$B$506,('04 Resource log'!$A$7:$A$506>=WeekStart)*('04 Resource log'!$A$7:$A$506<=WeekEnd)*('04 Resource log'!$E$7:$E$506="Labour")*('04 Resource log'!$B$7:$B$506<>"")*('04 Resource log'!$B$7:$B$506<>"INDIRECT")))),ROWS($B$79:B88)),"")} | C88: =IF($B88="","",IFERROR(INDEX('13 Contract hours'!$B$7:$B$206,MATCH($B88,'13 Contract hours'!$A$7:$A$206,0)),"")) | E88: =IF($B88="","",IFERROR(INDEX('13 Contract hours'!$D$7:$D$206,MATCH($B88,'13 Contract hours'!$A$7:$A$206,0)),"")) | F88: =IF($B88="","",SUMIFS('05 Work done log'!$F$7:$F$506,'05 Work done log'!$B$7:$B$506,$B88,'05 Work done log'!$A$7:$A$506,">="&WeekStart,'05 Work done log'!$A$7:$A$506,"<="&WeekEnd)) | G88: =IF($B88="","",IFERROR(INDEX('13 Contract hours'!$G$7:$G$206,MATCH($B88,'13 Contract hours'!$A$7:$A$206,0)),"")) | H88: =IF(OR($B88="",$G88=""),"",$F88*$G88) | I88: =IF($B88="","",SUMIFS('04 Resource log'!$J$7:$J$506,'04 Resource log'!$B$7:$B$506,$B88,'04 Resource log'!$E$7:$E$506,"Labour",'04 Resource log'!$A$7:$A$506,">="&WeekStart,'04 Resource log'!$A$7:$A$506,"<="&WeekEnd)) | J88: =IF(OR($H88="",N($I88)=0),"",$H88/$I88) | K88: =IF($B88="","",IFERROR(INDEX('13 Contract hours'!$F$7:$F$206,MATCH($B88,'13 Contract hours'!$A$7:$A$206,0)),"")) | L88: =IF($B88="","",IFERROR(INDEX('13 Contract hours'!$K$7:$K$206,MATCH($B88,'13 Contract hours'!$A$7:$A$206,0)),"")) | M88: =IF($B88="","",IFERROR(INDEX('13 Contract hours'!$L$7:$L$206,MATCH($B88,'13 Contract hours'!$A$7:$A$206,0)),""))
B89: {=IFERROR(INDEX(_xlfn._xlws.SORT(_xlfn.UNIQUE(_xlfn._xlws.FILTER('04 Resource log'!$B$7:$B$506,('04 Resource log'!$A$7:$A$506>=WeekStart)*('04 Resource log'!$A$7:$A$506<=WeekEnd)*('04 Resource log'!$E$7:$E$506="Labour")*('04 Resource log'!$B$7:$B$506<>"")*('04 Resource log'!$B$7:$B$506<>"INDIRECT")))),ROWS($B$79:B89)),"")} | C89: =IF($B89="","",IFERROR(INDEX('13 Contract hours'!$B$7:$B$206,MATCH($B89,'13 Contract hours'!$A$7:$A$206,0)),"")) | E89: =IF($B89="","",IFERROR(INDEX('13 Contract hours'!$D$7:$D$206,MATCH($B89,'13 Contract hours'!$A$7:$A$206,0)),"")) | F89: =IF($B89="","",SUMIFS('05 Work done log'!$F$7:$F$506,'05 Work done log'!$B$7:$B$506,$B89,'05 Work done log'!$A$7:$A$506,">="&WeekStart,'05 Work done log'!$A$7:$A$506,"<="&WeekEnd)) | G89: =IF($B89="","",IFERROR(INDEX('13 Contract hours'!$G$7:$G$206,MATCH($B89,'13 Contract hours'!$A$7:$A$206,0)),"")) | H89: =IF(OR($B89="",$G89=""),"",$F89*$G89) | I89: =IF($B89="","",SUMIFS('04 Resource log'!$J$7:$J$506,'04 Resource log'!$B$7:$B$506,$B89,'04 Resource log'!$E$7:$E$506,"Labour",'04 Resource log'!$A$7:$A$506,">="&WeekStart,'04 Resource log'!$A$7:$A$506,"<="&WeekEnd)) | J89: =IF(OR($H89="",N($I89)=0),"",$H89/$I89) | K89: =IF($B89="","",IFERROR(INDEX('13 Contract hours'!$F$7:$F$206,MATCH($B89,'13 Contract hours'!$A$7:$A$206,0)),"")) | L89: =IF($B89="","",IFERROR(INDEX('13 Contract hours'!$K$7:$K$206,MATCH($B89,'13 Contract hours'!$A$7:$A$206,0)),"")) | M89: =IF($B89="","",IFERROR(INDEX('13 Contract hours'!$L$7:$L$206,MATCH($B89,'13 Contract hours'!$A$7:$A$206,0)),""))
B90: {=IFERROR(INDEX(_xlfn._xlws.SORT(_xlfn.UNIQUE(_xlfn._xlws.FILTER('04 Resource log'!$B$7:$B$506,('04 Resource log'!$A$7:$A$506>=WeekStart)*('04 Resource log'!$A$7:$A$506<=WeekEnd)*('04 Resource log'!$E$7:$E$506="Labour")*('04 Resource log'!$B$7:$B$506<>"")*('04 Resource log'!$B$7:$B$506<>"INDIRECT")))),ROWS($B$79:B90)),"")} | C90: =IF($B90="","",IFERROR(INDEX('13 Contract hours'!$B$7:$B$206,MATCH($B90,'13 Contract hours'!$A$7:$A$206,0)),"")) | E90: =IF($B90="","",IFERROR(INDEX('13 Contract hours'!$D$7:$D$206,MATCH($B90,'13 Contract hours'!$A$7:$A$206,0)),"")) | F90: =IF($B90="","",SUMIFS('05 Work done log'!$F$7:$F$506,'05 Work done log'!$B$7:$B$506,$B90,'05 Work done log'!$A$7:$A$506,">="&WeekStart,'05 Work done log'!$A$7:$A$506,"<="&WeekEnd)) | G90: =IF($B90="","",IFERROR(INDEX('13 Contract hours'!$G$7:$G$206,MATCH($B90,'13 Contract hours'!$A$7:$A$206,0)),"")) | H90: =IF(OR($B90="",$G90=""),"",$F90*$G90) | I90: =IF($B90="","",SUMIFS('04 Resource log'!$J$7:$J$506,'04 Resource log'!$B$7:$B$506,$B90,'04 Resource log'!$E$7:$E$506,"Labour",'04 Resource log'!$A$7:$A$506,">="&WeekStart,'04 Resource log'!$A$7:$A$506,"<="&WeekEnd)) | J90: =IF(OR($H90="",N($I90)=0),"",$H90/$I90) | K90: =IF($B90="","",IFERROR(INDEX('13 Contract hours'!$F$7:$F$206,MATCH($B90,'13 Contract hours'!$A$7:$A$206,0)),"")) | L90: =IF($B90="","",IFERROR(INDEX('13 Contract hours'!$K$7:$K$206,MATCH($B90,'13 Contract hours'!$A$7:$A$206,0)),"")) | M90: =IF($B90="","",IFERROR(INDEX('13 Contract hours'!$L$7:$L$206,MATCH($B90,'13 Contract hours'!$A$7:$A$206,0)),""))
B91: Week | C91: ="indirect man-hours (not in productivity): "&TEXT(SUMIFS('04 Resource log'!$J$7:$J$506,'04 Resource log'!$B$7:$B$506,"INDIRECT",'04 Resource log'!$A$7:$A$506,">="&WeekStart,'04 Resource log'!$A$7:$A$506,"<="&WeekEnd),"#,##0") -> indirect man-hours (not in productivity): 30 | H91: =SUM(H79:H90) -> 226.5 | I91: =SUM(I79:I90) -> 225 | J91: =IF(N(I91)=0,"",H91/I91) -> 1.0066667
B92: =IF(COUNTIF($B$79:$B$90,"?*")=0,"No labour booked against a P6 activity this week. Paste each day's lines into the Resource log.","Above 1.00x the gang beat the contract norm; below 1.00x it spent more hours than the job was priced for.") -> Above 1.00x the gang beat the contract norm; below 1.00x it spent more hours than the job was priced for.
B93: Nobody reads the daily report until a claim, an incident or a test result needs it. Then it cannot be reconstructed.

Sheet 03 Day log
A1: Day log | R1: The Project Control Hub
A2: One line per day, so the month can be read at a glance.
A3: Type one line per day here: the header facts only. People, plant, events and not-yet-reported counts fill themselves from the other logs.
A7: Date | B7: Report no. | C7: Issued at | D7: On time? | E7: Revisions | F7: Weather | G7: Working day | H7: People on site | I7: Plant working | J7: Not yet reported | K7: Possible claims | L7: Key event | M7: Weather, morning | N7: Weather, afternoon | O7: Rainfall (mm) | P7: Temp. (°C) | Q7: Prepared by | R7: Checked by
A8: 46083 | B8: 40 | C8: 0.56944444 | D8: =IF(OR(A8="",C8=""),"",IF(C8<='14 Setup'!$B$7,"Y","N")) -> Y | E8: =IF(A8="","",COUNTIF('10 Revision log'!$A$7:$A$56,A8)) -> 0 | F8: =IF(M8="","",IF(OR(N8="",N8=M8),M8,M8&" / "&N8)) -> Dry | G8: Workable | H8: =IF(A8="","",SUMIFS('04 Resource log'!$H$7:$H$506,'04 Resource log'!$A$7:$A$506,A8,'04 Resource log'!$E$7:$E$506,"Labour")) -> 26 | I8: =IF(A8="","",SUMIFS('04 Resource log'!$H$7:$H$506,'04 Resource log'!$A$7:$A$506,A8,'04 Resource log'!$E$7:$E$506,"Plant")) -> 4 | J8: =IF(A8="","",COUNTIF('09 Not yet reported'!$A$7:$A$46,A8)) -> 0 | K8: =IF(A8="","",COUNTIFS('06 Event log'!$A$7:$A$506,A8,'06 Event log'!$H$7:$H$506,"Y")) -> 0 | L8: =IF(A8="","",IFERROR(INDEX('06 Event log'!$C$7:$C$506,MATCH(A8,'06 Event log'!$A$7:$A$506,0)),"")) -> Piling P15 and P16 | M8: Dry | N8: Dry | Q8: Site engineer
A9: 46084 | B9: 41 | C9: 0.58333333 | D9: =IF(OR(A9="",C9=""),"",IF(C9<='14 Setup'!$B$7,"Y","N")) -> Y | E9: =IF(A9="","",COUNTIF('10 Revision log'!$A$7:$A$56,A9)) -> 1 | F9: =IF(M9="","",IF(OR(N9="",N9=M9),M9,M9&" / "&N9)) -> Dry / Rain | G9: Part lost | H9: =IF(A9="","",SUMIFS('04 Resource log'!$H$7:$H$506,'04 Resource log'!$A$7:$A$506,A9,'04 Resource log'!$E$7:$E$506,"Labour")) -> 28 | I9: =IF(A9="","",SUMIFS('04 Resource log'!$H$7:$H$506,'04 Resource log'!$A$7:$A$506,A9,'04 Resource log'!$E$7:$E$506,"Plant")) -> 3 | J9: =IF(A9="","",COUNTIF('09 Not yet reported'!$A$7:$A$46,A9)) -> 2 | K9: =IF(A9="","",COUNTIFS('06 Event log'!$A$7:$A$506,A9,'06 Event log'!$H$7:$H$506,"Y")) -> 2 | L9: =IF(A9="","",IFERROR(INDEX('06 Event log'!$C$7:$C$506,MATCH(A9,'06 Event log'!$A$7:$A$506,0)),"")) -> Piling rig: penetration rate changed at P17 and P18, consistent with rock. Driller’s log kept. | M9: Dry | N9: Rain | P9: 6 | Q9: Site engineer
A10: 46085 | B10: 42 | C10: 0.63194444 | D10: =IF(OR(A10="",C10=""),"",IF(C10<='14 Setup'!$B$7,"Y","N")) -> N | E10: =IF(A10="","",COUNTIF('10 Revision log'!$A$7:$A$56,A10)) -> 0 | F10: =IF(M10="","",IF(OR(N10="",N10=M10),M10,M10&" / "&N10)) -> Rain | G10: Part lost | H10: =IF(A10="","",SUMIFS('04 Resource log'!$H$7:$H$506,'04 Resource log'!$A$7:$A$506,A10,'04 Resource log'!$E$7:$E$506,"Labour")) -> 22 | I10: =IF(A10="","",SUMIFS('04 Resource log'!$H$7:$H$506,'04 Resource log'!$A$7:$A$506,A10,'04 Resource log'!$E$7:$E$506,"Plant")) -> 3 | J10: =IF(A10="","",COUNTIF('09 Not yet reported'!$A$7:$A$46,A10)) -> 0 | K10: =IF(A10="","",COUNTIFS('06 Event log'!$A$7:$A$506,A10,'06 Event log'!$H$7:$H$506,"Y")) -> 0 | L10: =IF(A10="","",IFERROR(INDEX('06 Event log'!$C$7:$C$506,MATCH(A10,'06 Event log'!$A$7:$A$506,0)),"")) -> Bar schedule revision for bay 2 requested | M10: Rain | N10: Rain | Q10: Site engineer
A11: 46086 | B11: 43 | C11: 0.57638889 | D11: =IF(OR(A11="",C11=""),"",IF(C11<='14 Setup'!$B$7,"Y","N")) -> Y | E11: =IF(A11="","",COUNTIF('10 Revision log'!$A$7:$A$56,A11)) -> 2 | F11: =IF(M11="","",IF(OR(N11="",N11=M11),M11,M11&" / "&N11)) -> Heavy rain | G11: Lost | H11: =IF(A11="","",SUMIFS('04 Resource log'!$H$7:$H$506,'04 Resource log'!$A$7:$A$506,A11,'04 Resource log'!$E$7:$E$506,"Labour")) -> 10 | I11: =IF(A11="","",SUMIFS('04 Resource log'!$H$7:$H$506,'04 Resource log'!$A$7:$A$506,A11,'04 Resource log'!$E$7:$E$506,"Plant")) -> 1 | J11: =IF(A11="","",COUNTIF('09 Not yet reported'!$A$7:$A$46,A11)) -> 2 | K11: =IF(A11="","",COUNTIFS('06 Event log'!$A$7:$A$506,A11,'06 Event log'!$H$7:$H$506,"Y")) -> 0 | L11: =IF(A11="","",IFERROR(INDEX('06 Event log'!$C$7:$C$506,MATCH(A11,'06 Event log'!$A$7:$A$506,0)),"")) -> No pours: heavy rain | M11: Heavy rain | N11: Heavy rain | Q11: Site engineer
A12: 46087 | B12: 44 | C12: 0.5625 | D12: =IF(OR(A12="",C12=""),"",IF(C12<='14 Setup'!$B$7,"Y","N")) -> Y | E12: =IF(A12="","",COUNTIF('10 Revision log'!$A$7:$A$56,A12)) -> 0 | F12: =IF(M12="","",IF(OR(N12="",N12=M12),M12,M12&" / "&N12)) -> Dry | G12: Workable | H12: =IF(A12="","",SUMIFS('04 Resource log'!$H$7:$H$506,'04 Resource log'!$A$7:$A$506,A12,'04 Resource log'!$E$7:$E$506,"Labour")) -> 27 | I12: =IF(A12="","",SUMIFS('04 Resource log'!$H$7:$H$506,'04 Resource log'!$A$7:$A$506,A12,'04 Resource log'!$E$7:$E$506,"Plant")) -> 4 | J12: =IF(A12="","",COUNTIF('09 Not yet reported'!$A$7:$A$46,A12)) -> 0 | K12: =IF(A12="","",COUNTIFS('06 Event log'!$A$7:$A$506,A12,'06 Event log'!$H$7:$H$506,"Y")) -> 0 | L12: =IF(A12="","",IFERROR(INDEX('06 Event log'!$C$7:$C$506,MATCH(A12,'06 Event log'!$A$7:$A$506,0)),"")) -> Crane booked for 17 March | M12: Dry | N12: Dry | Q12: Site engineer
A13: 46090 | B13: 45 | C13: 0.59722222 | D13: =IF(OR(A13="",C13=""),"",IF(C13<='14 Setup'!$B$7,"Y","N")) -> N | E13: =IF(A13="","",COUNTIF('10 Revision log'!$A$7:$A$56,A13)) -> 0 | F13: =IF(M13="","",IF(OR(N13="",N13=M13),M13,M13&" / "&N13)) -> Dry | G13: Workable | H13: =IF(A13="","",SUMIFS('04 Resource log'!$H$7:$H$506,'04 Resource log'!$A$7:$A$506,A13,'04 Resource log'!$E$7:$E$506,"Labour")) -> 29 | I13: =IF(A13="","",SUMIFS('04 Resource log'!$H$7:$H$506,'04 Resource log'!$A$7:$A$506,A13,'04 Resource log'!$E$7:$E$506,"Plant")) -> 4 | J13: =IF(A13="","",COUNTIF('09 Not yet reported'!$A$7:$A$46,A13)) -> 0 | K13: =IF(A13="","",COUNTIFS('06 Event log'!$A$7:$A$506,A13,'06 Event log'!$H$7:$H$506,"Y")) -> 0 | L13: =IF(A13="","",IFERROR(INDEX('06 Event log'!$C$7:$C$506,MATCH(A13,'06 Event log'!$A$7:$A$506,0)),"")) -> Rig back in service | M13: Dry | N13: Dry | Q13: Site engineer
A14: 46091 | B14: 46 | C14: 0.57291667 | D14: =IF(OR(A14="",C14=""),"",IF(C14<='14 Setup'!$B$7,"Y","N")) -> Y | E14: =IF(A14="","",COUNTIF('10 Revision log'!$A$7:$A$56,A14)) -> 1 | F14: =IF(M14="","",IF(OR(N14="",N14=M14),M14,M14&" / "&N14)) -> Dry | G14: Workable | H14: =IF(A14="","",SUMIFS('04 Resource log'!$H$7:$H$506,'04 Resource log'!$A$7:$A$506,A14,'04 Resource log'!$E$7:$E$506,"Labour")) -> 30 | I14: =IF(A14="","",SUMIFS('04 Resource log'!$H$7:$H$506,'04 Resource log'!$A$7:$A$506,A14,'04 Resource log'!$E$7:$E$506,"Plant")) -> 4 | J14: =IF(A14="","",COUNTIF('09 Not yet reported'!$A$7:$A$46,A14)) -> 1 | K14: =IF(A14="","",COUNTIFS('06 Event log'!$A$7:$A$506,A14,'06 Event log'!$H$7:$H$506,"Y")) -> 0 | L14: =IF(A14="","",IFERROR(INDEX('06 Event log'!$C$7:$C$506,MATCH(A14,'06 Event log'!$A$7:$A$506,0)),"")) -> Ground beams GB1 to GB3 poured | M14: Dry | N14: Dry | Q14: Site engineer
A15: 46092 | B15: 47 | C15: 0.57986111 | D15: =IF(OR(A15="",C15=""),"",IF(C15<='14 Setup'!$B$7,"Y","N")) -> Y | E15: =IF(A15="","",COUNTIF('10 Revision log'!$A$7:$A$56,A15)) -> 0 | F15: =IF(M15="","",IF(OR(N15="",N15=M15),M15,M15&" / "&N15)) -> Showers | G15: Part lost | H15: =IF(A15="","",SUMIFS('04 Resource log'!$H$7:$H$506,'04 Resource log'!$A$7:$A$506,A15,'04 Resource log'!$E$7:$E$506,"Labour")) -> 25 | I15: =IF(A15="","",SUMIFS('04 Resource log'!$H$7:$H$506,'04 Resource log'!$A$7:$A$506,A15,'04 Resource log'!$E$7:$E$506,"Plant")) -> 3 | J15: =IF(A15="","",COUNTIF('09 Not yet reported'!$A$7:$A$46,A15)) -> 0 | K15: =IF(A15="","",COUNTIFS('06 Event log'!$A$7:$A$506,A15,'06 Event log'!$H$7:$H$506,"Y")) -> 0 | L15: =IF(A15="","",IFERROR(INDEX('06 Event log'!$C$7:$C$506,MATCH(A15,'06 Event log'!$A$7:$A$506,0)),"")) -> Membrane delivery not confirmed | M15: Showers | N15: Showers | Q15: Site engineer
A16: 46093 | B16: 48 | C16: 0.56944444 | D16: =IF(OR(A16="",C16=""),"",IF(C16<='14 Setup'!$B$7,"Y","N")) -> Y | E16: =IF(A16="","",COUNTIF('10 Revision log'!$A$7:$A$56,A16)) -> 0 | F16: =IF(M16="","",IF(OR(N16="",N16=M16),M16,M16&" / "&N16)) -> Dry | G16: Workable | H16: =IF(A16="","",SUMIFS('04 Resource log'!$H$7:$H$506,'04 Resource log'!$A$7:$A$506,A16,'04 Resource log'!$E$7:$E$506,"Labour")) -> 28 | I16: =IF(A16="","",SUMIFS('04 Resource log'!$H$7:$H$506,'04 Resource log'!$A$7:$A$506,A16,'04 Resource log'!$E$7:$E$506,"Plant")) -> 4 | J16: =IF(A16="","",COUNTIF('09 Not yet reported'!$A$7:$A$46,A16)) -> 0 | K16: =IF(A16="","",COUNTIFS('06 Event log'!$A$7:$A$506,A16,'06 Event log'!$H$7:$H$506,"Y")) -> 0 | L16: =IF(A16="","",IFERROR(INDEX('06 Event log'!$C$7:$C$506,MATCH(A16,'06 Event log'!$A$7:$A$506,0)),"")) -> Raft rebar bay 1 continues | M16: Dry | N16: Dry | Q16: Site engineer
A17: 46094 | B17: 49 | C17: 0.56597222 | D17: =IF(OR(A17="",C17=""),"",IF(C17<='14 Setup'!$B$7,"Y","N")) -> Y | E17: =IF(A17="","",COUNTIF('10 Revision log'!$A$7:$A$56,A17)) -> 0 | F17: =IF(M17="","",IF(OR(N17="",N17=M17),M17,M17&" / "&N17)) -> Dry | G17: Workable | H17: =IF(A17="","",SUMIFS('04 Resource log'!$H$7:$H$506,'04 Resource log'!$A$7:$A$506,A17,'04 Resource log'!$E$7:$E$506,"Labour")) -> 27 | I17: =IF(A17="","",SUMIFS('04 Resource log'!$H$7:$H$506,'04 Resource log'!$A$7:$A$506,A17,'04 Resource log'!$E$7:$E$506,"Plant")) -> 4 | J17: =IF(A17="","",COUNTIF('09 Not yet reported'!$A$7:$A$46,A17)) -> 0 | K17: =IF(A17="","",COUNTIFS('06 Event log'!$A$7:$A$506,A17,'06 Event log'!$H$7:$H$506,"Y")) -> 0 | L17: =IF(A17="","",IFERROR(INDEX('06 Event log'!$C$7:$C$506,MATCH(A17,'06 Event log'!$A$7:$A$506,0)),"")) -> Weekly meeting | M17: Dry | N17: Dry | Q17: Site engineer
D18: =IF(OR(A18="",C18=""),"",IF(C18<='14 Setup'!$B$7,"Y","N")) | E18: =IF(A18="","",COUNTIF('10 Revision log'!$A$7:$A$56,A18)) | F18: =IF(M18="","",IF(OR(N18="",N18=M18),M18,M18&" / "&N18)) | H18: =IF(A18="","",SUMIFS('04 Resource log'!$H$7:$H$506,'04 Resource log'!$A$7:$A$506,A18,'04 Resource log'!$E$7:$E$506,"Labour")) | I18: =IF(A18="","",SUMIFS('04 Resource log'!$H$7:$H$506,'04 Resource log'!$A$7:$A$506,A18,'04 Resource log'!$E$7:$E$506,"Plant")) | J18: =IF(A18="","",COUNTIF('09 Not yet reported'!$A$7:$A$46,A18)) | K18: =IF(A18="","",COUNTIFS('06 Event log'!$A$7:$A$506,A18,'06 Event log'!$H$7:$H$506,"Y")) | L18: =IF(A18="","",IFERROR(INDEX('06 Event log'!$C$7:$C$506,MATCH(A18,'06 Event log'!$A$7:$A$506,0)),""))
D19: =IF(OR(A19="",C19=""),"",IF(C19<='14 Setup'!$B$7,"Y","N")) | E19: =IF(A19="","",COUNTIF('10 Revision log'!$A$7:$A$56,A19)) | F19: =IF(M19="","",IF(OR(N19="",N19=M19),M19,M19&" / "&N19)) | H19: =IF(A19="","",SUMIFS('04 Resource log'!$H$7:$H$506,'04 Resource log'!$A$7:$A$506,A19,'04 Resource log'!$E$7:$E$506,"Labour")) | I19: =IF(A19="","",SUMIFS('04 Resource log'!$H$7:$H$506,'04 Resource log'!$A$7:$A$506,A19,'04 Resource log'!$E$7:$E$506,"Plant")) | J19: =IF(A19="","",COUNTIF('09 Not yet reported'!$A$7:$A$46,A19)) | K19: =IF(A19="","",COUNTIFS('06 Event log'!$A$7:$A$506,A19,'06 Event log'!$H$7:$H$506,"Y")) | L19: =IF(A19="","",IFERROR(INDEX('06 Event log'!$C$7:$C$506,MATCH(A19,'06 Event log'!$A$7:$A$506,0)),""))
D20: =IF(OR(A20="",C20=""),"",IF(C20<='14 Setup'!$B$7,"Y","N")) | E20: =IF(A20="","",COUNTIF('10 Revision log'!$A$7:$A$56,A20)) | F20: =IF(M20="","",IF(OR(N20="",N20=M20),M20,M20&" / "&N20)) | H20: =IF(A20="","",SUMIFS('04 Resource log'!$H$7:$H$506,'04 Resource log'!$A$7:$A$506,A20,'04 Resource log'!$E$7:$E$506,"Labour")) | I20: =IF(A20="","",SUMIFS('04 Resource log'!$H$7:$H$506,'04 Resource log'!$A$7:$A$506,A20,'04 Resource log'!$E$7:$E$506,"Plant")) | J20: =IF(A20="","",COUNTIF('09 Not yet reported'!$A$7:$A$46,A20)) | K20: =IF(A20="","",COUNTIFS('06 Event log'!$A$7:$A$506,A20,'06 Event log'!$H$7:$H$506,"Y")) | L20: =IF(A20="","",IFERROR(INDEX('06 Event log'!$C$7:$C$506,MATCH(A20,'06 Event log'!$A$7:$A$506,0)),""))
D21: =IF(OR(A21="",C21=""),"",IF(C21<='14 Setup'!$B$7,"Y","N")) | E21: =IF(A21="","",COUNTIF('10 Revision log'!$A$7:$A$56,A21)) | F21: =IF(M21="","",IF(OR(N21="",N21=M21),M21,M21&" / "&N21)) | H21: =IF(A21="","",SUMIFS('04 Resource log'!$H$7:$H$506,'04 Resource log'!$A$7:$A$506,A21,'04 Resource log'!$E$7:$E$506,"Labour")) | I21: =IF(A21="","",SUMIFS('04 Resource log'!$H$7:$H$506,'04 Resource log'!$A$7:$A$506,A21,'04 Resource log'!$E$7:$E$506,"Plant")) | J21: =IF(A21="","",COUNTIF('09 Not yet reported'!$A$7:$A$46,A21)) | K21: =IF(A21="","",COUNTIFS('06 Event log'!$A$7:$A$506,A21,'06 Event log'!$H$7:$H$506,"Y")) | L21: =IF(A21="","",IFERROR(INDEX('06 Event log'!$C$7:$C$506,MATCH(A21,'06 Event log'!$A$7:$A$506,0)),""))
D22: =IF(OR(A22="",C22=""),"",IF(C22<='14 Setup'!$B$7,"Y","N")) | E22: =IF(A22="","",COUNTIF('10 Revision log'!$A$7:$A$56,A22)) | F22: =IF(M22="","",IF(OR(N22="",N22=M22),M22,M22&" / "&N22)) | H22: =IF(A22="","",SUMIFS('04 Resource log'!$H$7:$H$506,'04 Resource log'!$A$7:$A$506,A22,'04 Resource log'!$E$7:$E$506,"Labour")) | I22: =IF(A22="","",SUMIFS('04 Resource log'!$H$7:$H$506,'04 Resource log'!$A$7:$A$506,A22,'04 Resource log'!$E$7:$E$506,"Plant")) | J22: =IF(A22="","",COUNTIF('09 Not yet reported'!$A$7:$A$46,A22)) | K22: =IF(A22="","",COUNTIFS('06 Event log'!$A$7:$A$506,A22,'06 Event log'!$H$7:$H$506,"Y")) | L22: =IF(A22="","",IFERROR(INDEX('06 Event log'!$C$7:$C$506,MATCH(A22,'06 Event log'!$A$7:$A$506,0)),""))
D23: =IF(OR(A23="",C23=""),"",IF(C23<='14 Setup'!$B$7,"Y","N")) | E23: =IF(A23="","",COUNTIF('10 Revision log'!$A$7:$A$56,A23)) | F23: =IF(M23="","",IF(OR(N23="",N23=M23),M23,M23&" / "&N23)) | H23: =IF(A23="","",SUMIFS('04 Resource log'!$H$7:$H$506,'04 Resource log'!$A$7:$A$506,A23,'04 Resource log'!$E$7:$E$506,"Labour")) | I23: =IF(A23="","",SUMIFS('04 Resource log'!$H$7:$H$506,'04 Resource log'!$A$7:$A$506,A23,'04 Resource log'!$E$7:$E$506,"Plant")) | J23: =IF(A23="","",COUNTIF('09 Not yet reported'!$A$7:$A$46,A23)) | K23: =IF(A23="","",COUNTIFS('06 Event log'!$A$7:$A$506,A23,'06 Event log'!$H$7:$H$506,"Y")) | L23: =IF(A23="","",IFERROR(INDEX('06 Event log'!$C$7:$C$506,MATCH(A23,'06 Event log'!$A$7:$A$506,0)),""))
D24: =IF(OR(A24="",C24=""),"",IF(C24<='14 Setup'!$B$7,"Y","N")) | E24: =IF(A24="","",COUNTIF('10 Revision log'!$A$7:$A$56,A24)) | F24: =IF(M24="","",IF(OR(N24="",N24=M24),M24,M24&" / "&N24)) | H24: =IF(A24="","",SUMIFS('04 Resource log'!$H$7:$H$506,'04 Resource log'!$A$7:$A$506,A24,'04 Resource log'!$E$7:$E$506,"Labour")) | I24: =IF(A24="","",SUMIFS('04 Resource log'!$H$7:$H$506,'04 Resource log'!$A$7:$A$506,A24,'04 Resource log'!$E$7:$E$506,"Plant")) | J24: =IF(A24="","",COUNTIF('09 Not yet reported'!$A$7:$A$46,A24)) | K24: =IF(A24="","",COUNTIFS('06 Event log'!$A$7:$A$506,A24,'06 Event log'!$H$7:$H$506,"Y")) | L24: =IF(A24="","",IFERROR(INDEX('06 Event log'!$C$7:$C$506,MATCH(A24,'06 Event log'!$A$7:$A$506,0)),""))
D25: =IF(OR(A25="",C25=""),"",IF(C25<='14 Setup'!$B$7,"Y","N")) | E25: =IF(A25="","",COUNTIF('10 Revision log'!$A$7:$A$56,A25)) | F25: =IF(M25="","",IF(OR(N25="",N25=M25),M25,M25&" / "&N25)) | H25: =IF(A25="","",SUMIFS('04 Resource log'!$H$7:$H$506,'04 Resource log'!$A$7:$A$506,A25,'04 Resource log'!$E$7:$E$506,"Labour")) | I25: =IF(A25="","",SUMIFS('04 Resource log'!$H$7:$H$506,'04 Resource log'!$A$7:$A$506,A25,'04 Resource log'!$E$7:$E$506,"Plant")) | J25: =IF(A25="","",COUNTIF('09 Not yet reported'!$A$7:$A$46,A25)) | K25: =IF(A25="","",COUNTIFS('06 Event log'!$A$7:$A$506,A25,'06 Event log'!$H$7:$H$506,"Y")) | L25: =IF(A25="","",IFERROR(INDEX('06 Event log'!$C$7:$C$506,MATCH(A25,'06 Event log'!$A$7:$A$506,0)),""))
D26: =IF(OR(A26="",C26=""),"",IF(C26<='14 Setup'!$B$7,"Y","N")) | E26: =IF(A26="","",COUNTIF('10 Revision log'!$A$7:$A$56,A26)) | F26: =IF(M26="","",IF(OR(N26="",N26=M26),M26,M26&" / "&N26)) | H26: =IF(A26="","",SUMIFS('04 Resource log'!$H$7:$H$506,'04 Resource log'!$A$7:$A$506,A26,'04 Resource log'!$E$7:$E$506,"Labour")) | I26: =IF(A26="","",SUMIFS('04 Resource log'!$H$7:$H$506,'04 Resource log'!$A$7:$A$506,A26,'04 Resource log'!$E$7:$E$506,"Plant")) | J26: =IF(A26="","",COUNTIF('09 Not yet reported'!$A$7:$A$46,A26)) | K26: =IF(A26="","",COUNTIFS('06 Event log'!$A$7:$A$506,A26,'06 Event log'!$H$7:$H$506,"Y")) | L26: =IF(A26="","",IFERROR(INDEX('06 Event log'!$C$7:$C$506,MATCH(A26,'06 Event log'!$A$7:$A$506,0)),""))
D27: =IF(OR(A27="",C27=""),"",IF(C27<='14 Setup'!$B$7,"Y","N")) | E27: =IF(A27="","",COUNTIF('10 Revision log'!$A$7:$A$56,A27)) | F27: =IF(M27="","",IF(OR(N27="",N27=M27),M27,M27&" / "&N27)) | H27: =IF(A27="","",SUMIFS('04 Resource log'!$H$7:$H$506,'04 Resource log'!$A$7:$A$506,A27,'04 Resource log'!$E$7:$E$506,"Labour")) | I27: =IF(A27="","",SUMIFS('04 Resource log'!$H$7:$H$506,'04 Resource log'!$A$7:$A$506,A27,'04 Resource log'!$E$7:$E$506,"Plant")) | J27: =IF(A27="","",COUNTIF('09 Not yet reported'!$A$7:$A$46,A27)) | K27: =IF(A27="","",COUNTIFS('06 Event log'!$A$7:$A$506,A27,'06 Event log'!$H$7:$H$506,"Y")) | L27: =IF(A27="","",IFERROR(INDEX('06 Event log'!$C$7:$C$506,MATCH(A27,'06 Event log'!$A$7:$A$506,0)),""))
D28: =IF(OR(A28="",C28=""),"",IF(C28<='14 Setup'!$B$7,"Y","N")) | E28: =IF(A28="","",COUNTIF('10 Revision log'!$A$7:$A$56,A28)) | F28: =IF(M28="","",IF(OR(N28="",N28=M28),M28,M28&" / "&N28)) | H28: =IF(A28="","",SUMIFS('04 Resource log'!$H$7:$H$506,'04 Resource log'!$A$7:$A$506,A28,'04 Resource log'!$E$7:$E$506,"Labour")) | I28: =IF(A28="","",SUMIFS('04 Resource log'!$H$7:$H$506,'04 Resource log'!$A$7:$A$506,A28,'04 Resource log'!$E$7:$E$506,"Plant")) | J28: =IF(A28="","",COUNTIF('09 Not yet reported'!$A$7:$A$46,A28)) | K28: =IF(A28="","",COUNTIFS('06 Event log'!$A$7:$A$506,A28,'06 Event log'!$H$7:$H$506,"Y")) | L28: =IF(A28="","",IFERROR(INDEX('06 Event log'!$C$7:$C$506,MATCH(A28,'06 Event log'!$A$7:$A$506,0)),""))
D29: =IF(OR(A29="",C29=""),"",IF(C29<='14 Setup'!$B$7,"Y","N")) | E29: =IF(A29="","",COUNTIF('10 Revision log'!$A$7:$A$56,A29)) | F29: =IF(M29="","",IF(OR(N29="",N29=M29),M29,M29&" / "&N29)) | H29: =IF(A29="","",SUMIFS('04 Resource log'!$H$7:$H$506,'04 Resource log'!$A$7:$A$506,A29,'04 Resource log'!$E$7:$E$506,"Labour")) | I29: =IF(A29="","",SUMIFS('04 Resource log'!$H$7:$H$506,'04 Resource log'!$A$7:$A$506,A29,'04 Resource log'!$E$7:$E$506,"Plant")) | J29: =IF(A29="","",COUNTIF('09 Not yet reported'!$A$7:$A$46,A29)) | K29: =IF(A29="","",COUNTIFS('06 Event log'!$A$7:$A$506,A29,'06 Event log'!$H$7:$H$506,"Y")) | L29: =IF(A29="","",IFERROR(INDEX('06 Event log'!$C$7:$C$506,MATCH(A29,'06 Event log'!$A$7:$A$506,0)),""))
... D38: =IF(OR(A38="",C38=""),"",IF(C38<='14 Setup'!$B$7,"Y","N")) | E38: =IF(A38="","",COUNTIF('10 Revision log'!$A$7:$A$56,A38)) | F38: =IF(M38="","",IF(OR(N38="",N38=M38),M38,M38&" / "&N38)) | H38: =IF(A38="","",SUMIFS('04 Resource log'!$H$7:$H$506,'04 Resource log'!$A$7:$A$506,A38,'04 Resource log'!$E$7:$E$506,"Labour")) | I38: =IF(A38="","",SUMIFS('04 Resource log'!$H$7:$H$506,'04 Resource log'!$A$7:$A$506,A38,'04 Resource log'!$E$7:$E$506,"Plant")) | J38: =IF(A38="","",COUNTIF('09 Not yet reported'!$A$7:$A$46,A38)) | K38: =IF(A38="","",COUNTIFS('06 Event log'!$A$7:$A$506,A38,'06 Event log'!$H$7:$H$506,"Y")) | L38: =IF(A38="","",IFERROR(INDEX('06 Event log'!$C$7:$C$506,MATCH(A38,'06 Event log'!$A$7:$A$506,0)),""))

Sheet 04 Resource log
A1: Resource log | L1: The Project Control Hub
A2: One line per resource per P6 activity per day: man-hours and machine-hours, ready to load into P6 as actual units.
A3: Type the facts here, once. One line per crew or machine per P6 activity per day. For plant: Number = working, On site = total on site.
A6: Date | B6: P6 Activity ID | C6: Activity (from P6) | D6: WBS (from P6) | E6: Type | F6: Resource | G6: Company | H6: Number | I6: Hours each | J6: Total hours | K6: On site (plant) | L6: Why idle
A7: 46084 | B7: A1000 | C7: =IF(B7="","",IFERROR(INDEX('12 P6 activities'!$B$7:$B$206,MATCH(B7,'12 P6 activities'!$A$7:$A$206,0)),"⚠ not in P6 list")) -> Bored piles, north | D7: =IF(B7="","",IFERROR(INDEX('12 P6 activities'!$C$7:$C$206,MATCH(B7,'12 P6 activities'!$A$7:$A$206,0)),"⚠ not in P6 list")) -> SITE.FND.PIL | E7: Labour | F7: Piling crew | G7: Piling sub | H7: 6 | I7: 9 | J7: =IF(OR(H7="",I7=""),"",H7*I7) -> 54
A8: 46084 | B8: A1100 | C8: =IF(B8="","",IFERROR(INDEX('12 P6 activities'!$B$7:$B$206,MATCH(B8,'12 P6 activities'!$A$7:$A$206,0)),"⚠ not in P6 list")) -> Raft reinforcement, bay 1 | D8: =IF(B8="","",IFERROR(INDEX('12 P6 activities'!$C$7:$C$206,MATCH(B8,'12 P6 activities'!$A$7:$A$206,0)),"⚠ not in P6 list")) -> SITE.FND.RAF | E8: Labour | F8: Rebar gang | G8: Rebar sub | H8: 8 | I8: 9 | J8: =IF(OR(H8="",I8=""),"",H8*I8) -> 72
A9: 46084 | B9: A1200 | C9: =IF(B9="","",IFERROR(INDEX('12 P6 activities'!$B$7:$B$206,MATCH(B9,'12 P6 activities'!$A$7:$A$206,0)),"⚠ not in P6 list")) -> Blinding, substation slab | D9: =IF(B9="","",IFERROR(INDEX('12 P6 activities'!$C$7:$C$206,MATCH(B9,'12 P6 activities'!$A$7:$A$206,0)),"⚠ not in P6 list")) -> SITE.SUB.SLB | E9: Labour | F9: Concrete gang | G9: Concrete sub | H9: 6 | I9: 9 | J9: =IF(OR(H9="",I9=""),"",H9*I9) -> 54
A10: 46084 | B10: A1300 | C10: =IF(B10="","",IFERROR(INDEX('12 P6 activities'!$B$7:$B$206,MATCH(B10,'12 P6 activities'!$A$7:$A$206,0)),"⚠ not in P6 list")) -> Drainage run D2 | D10: =IF(B10="","",IFERROR(INDEX('12 P6 activities'!$C$7:$C$206,MATCH(B10,'12 P6 activities'!$A$7:$A$206,0)),"⚠ not in P6 list")) -> SITE.EXT.DRN | E10: Labour | F10: Groundworks | G10: Groundworks | H10: 5 | I10: 9 | J10: =IF(OR(H10="",I10=""),"",H10*I10) -> 45
A11: 46084 | B11: INDIRECT | C11: =IF(B11="","",IFERROR(INDEX('12 P6 activities'!$B$7:$B$206,MATCH(B11,'12 P6 activities'!$A$7:$A$206,0)),"⚠ not in P6 list")) -> Indirect work: supervision, welfare, cleaning | D11: =IF(B11="","",IFERROR(INDEX('12 P6 activities'!$C$7:$C$206,MATCH(B11,'12 P6 activities'!$A$7:$A$206,0)),"⚠ not in P6 list")) -> SITE.IND | E11: Labour | F11: Supervision | G11: Main contractor | H11: 3 | I11: 10 | J11: =IF(OR(H11="",I11=""),"",H11*I11) -> 30
A12: 46084 | B12: A1000 | C12: =IF(B12="","",IFERROR(INDEX('12 P6 activities'!$B$7:$B$206,MATCH(B12,'12 P6 activities'!$A$7:$A$206,0)),"⚠ not in P6 list")) -> Bored piles, north | D12: =IF(B12="","",IFERROR(INDEX('12 P6 activities'!$C$7:$C$206,MATCH(B12,'12 P6 activities'!$A$7:$A$206,0)),"⚠ not in P6 list")) -> SITE.FND.PIL | E12: Plant | F12: Piling rig | H12: 1 | I12: 9 | J12: =IF(OR(H12="",I12=""),"",H12*I12) -> 9 | K12: 1
A13: 46084 | B13: A1100 | C13: =IF(B13="","",IFERROR(INDEX('12 P6 activities'!$B$7:$B$206,MATCH(B13,'12 P6 activities'!$A$7:$A$206,0)),"⚠ not in P6 list")) -> Raft reinforcement, bay 1 | D13: =IF(B13="","",IFERROR(INDEX('12 P6 activities'!$C$7:$C$206,MATCH(B13,'12 P6 activities'!$A$7:$A$206,0)),"⚠ not in P6 list")) -> SITE.FND.RAF | E13: Plant | F13: Crawler crane | H13: 1 | I13: 9 | J13: =IF(OR(H13="",I13=""),"",H13*I13) -> 9 | K13: 1
A14: 46084 | B14: A1300 | C14: =IF(B14="","",IFERROR(INDEX('12 P6 activities'!$B$7:$B$206,MATCH(B14,'12 P6 activities'!$A$7:$A$206,0)),"⚠ not in P6 list")) -> Drainage run D2 | D14: =IF(B14="","",IFERROR(INDEX('12 P6 activities'!$C$7:$C$206,MATCH(B14,'12 P6 activities'!$A$7:$A$206,0)),"⚠ not in P6 list")) -> SITE.EXT.DRN | E14: Plant | F14: Excavator | H14: 1 | I14: 9 | J14: =IF(OR(H14="",I14=""),"",H14*I14) -> 9 | K14: 2 | L14: No operator
A15: 46084 | B15: A1200 | C15: =IF(B15="","",IFERROR(INDEX('12 P6 activities'!$B$7:$B$206,MATCH(B15,'12 P6 activities'!$A$7:$A$206,0)),"⚠ not in P6 list")) -> Blinding, substation slab | D15: =IF(B15="","",IFERROR(INDEX('12 P6 activities'!$C$7:$C$206,MATCH(B15,'12 P6 activities'!$A$7:$A$206,0)),"⚠ not in P6 list")) -> SITE.SUB.SLB | E15: Plant | F15: Concrete pump | H15: 0 | I15: 0 | J15: =IF(OR(H15="",I15=""),"",H15*I15) -> 0 | K15: 1 | L15: Standby
A16: 46083 | B16: INDIRECT | C16: =IF(B16="","",IFERROR(INDEX('12 P6 activities'!$B$7:$B$206,MATCH(B16,'12 P6 activities'!$A$7:$A$206,0)),"⚠ not in P6 list")) -> Indirect work: supervision, welfare, cleaning | D16: =IF(B16="","",IFERROR(INDEX('12 P6 activities'!$C$7:$C$206,MATCH(B16,'12 P6 activities'!$A$7:$A$206,0)),"⚠ not in P6 list")) -> SITE.IND | E16: Labour | F16: All trades (no breakdown kept) | H16: 26 | J16: =IF(OR(H16="",I16=""),"",H16*I16)
A17: 46083 | B17: INDIRECT | C17: =IF(B17="","",IFERROR(INDEX('12 P6 activities'!$B$7:$B$206,MATCH(B17,'12 P6 activities'!$A$7:$A$206,0)),"⚠ not in P6 list")) -> Indirect work: supervision, welfare, cleaning | D17: =IF(B17="","",IFERROR(INDEX('12 P6 activities'!$C$7:$C$206,MATCH(B17,'12 P6 activities'!$A$7:$A$206,0)),"⚠ not in P6 list")) -> SITE.IND | E17: Plant | F17: All plant (no breakdown kept) | H17: 4 | J17: =IF(OR(H17="",I17=""),"",H17*I17) | K17: 4
A18: 46085 | B18: INDIRECT | C18: =IF(B18="","",IFERROR(INDEX('12 P6 activities'!$B$7:$B$206,MATCH(B18,'12 P6 activities'!$A$7:$A$206,0)),"⚠ not in P6 list")) -> Indirect work: supervision, welfare, cleaning | D18: =IF(B18="","",IFERROR(INDEX('12 P6 activities'!$C$7:$C$206,MATCH(B18,'12 P6 activities'!$A$7:$A$206,0)),"⚠ not in P6 list")) -> SITE.IND | E18: Labour | F18: All trades (no breakdown kept) | H18: 22 | J18: =IF(OR(H18="",I18=""),"",H18*I18)
A19: 46085 | B19: INDIRECT | C19: =IF(B19="","",IFERROR(INDEX('12 P6 activities'!$B$7:$B$206,MATCH(B19,'12 P6 activities'!$A$7:$A$206,0)),"⚠ not in P6 list")) -> Indirect work: supervision, welfare, cleaning | D19: =IF(B19="","",IFERROR(INDEX('12 P6 activities'!$C$7:$C$206,MATCH(B19,'12 P6 activities'!$A$7:$A$206,0)),"⚠ not in P6 list")) -> SITE.IND | E19: Plant | F19: All plant (no breakdown kept) | H19: 3 | J19: =IF(OR(H19="",I19=""),"",H19*I19) | K19: 3
A20: 46086 | B20: INDIRECT | C20: =IF(B20="","",IFERROR(INDEX('12 P6 activities'!$B$7:$B$206,MATCH(B20,'12 P6 activities'!$A$7:$A$206,0)),"⚠ not in P6 list")) -> Indirect work: supervision, welfare, cleaning | D20: =IF(B20="","",IFERROR(INDEX('12 P6 activities'!$C$7:$C$206,MATCH(B20,'12 P6 activities'!$A$7:$A$206,0)),"⚠ not in P6 list")) -> SITE.IND | E20: Labour | F20: All trades (no breakdown kept) | H20: 10 | J20: =IF(OR(H20="",I20=""),"",H20*I20)
A21: 46086 | B21: INDIRECT | C21: =IF(B21="","",IFERROR(INDEX('12 P6 activities'!$B$7:$B$206,MATCH(B21,'12 P6 activities'!$A$7:$A$206,0)),"⚠ not in P6 list")) -> Indirect work: supervision, welfare, cleaning | D21: =IF(B21="","",IFERROR(INDEX('12 P6 activities'!$C$7:$C$206,MATCH(B21,'12 P6 activities'!$A$7:$A$206,0)),"⚠ not in P6 list")) -> SITE.IND | E21: Plant | F21: All plant (no breakdown kept) | H21: 1 | J21: =IF(OR(H21="",I21=""),"",H21*I21) | K21: 1
A22: 46087 | B22: INDIRECT | C22: =IF(B22="","",IFERROR(INDEX('12 P6 activities'!$B$7:$B$206,MATCH(B22,'12 P6 activities'!$A$7:$A$206,0)),"⚠ not in P6 list")) -> Indirect work: supervision, welfare, cleaning | D22: =IF(B22="","",IFERROR(INDEX('12 P6 activities'!$C$7:$C$206,MATCH(B22,'12 P6 activities'!$A$7:$A$206,0)),"⚠ not in P6 list")) -> SITE.IND | E22: Labour | F22: All trades (no breakdown kept) | H22: 27 | J22: =IF(OR(H22="",I22=""),"",H22*I22)
A23: 46087 | B23: INDIRECT | C23: =IF(B23="","",IFERROR(INDEX('12 P6 activities'!$B$7:$B$206,MATCH(B23,'12 P6 activities'!$A$7:$A$206,0)),"⚠ not in P6 list")) -> Indirect work: supervision, welfare, cleaning | D23: =IF(B23="","",IFERROR(INDEX('12 P6 activities'!$C$7:$C$206,MATCH(B23,'12 P6 activities'!$A$7:$A$206,0)),"⚠ not in P6 list")) -> SITE.IND | E23: Plant | F23: All plant (no breakdown kept) | H23: 4 | J23: =IF(OR(H23="",I23=""),"",H23*I23) | K23: 4
A24: 46090 | B24: INDIRECT | C24: =IF(B24="","",IFERROR(INDEX('12 P6 activities'!$B$7:$B$206,MATCH(B24,'12 P6 activities'!$A$7:$A$206,0)),"⚠ not in P6 list")) -> Indirect work: supervision, welfare, cleaning | D24: =IF(B24="","",IFERROR(INDEX('12 P6 activities'!$C$7:$C$206,MATCH(B24,'12 P6 activities'!$A$7:$A$206,0)),"⚠ not in P6 list")) -> SITE.IND | E24: Labour | F24: All trades (no breakdown kept) | H24: 29 | J24: =IF(OR(H24="",I24=""),"",H24*I24)
A25: 46090 | B25: INDIRECT | C25: =IF(B25="","",IFERROR(INDEX('12 P6 activities'!$B$7:$B$206,MATCH(B25,'12 P6 activities'!$A$7:$A$206,0)),"⚠ not in P6 list")) -> Indirect work: supervision, welfare, cleaning | D25: =IF(B25="","",IFERROR(INDEX('12 P6 activities'!$C$7:$C$206,MATCH(B25,'12 P6 activities'!$A$7:$A$206,0)),"⚠ not in P6 list")) -> SITE.IND | E25: Plant | F25: All plant (no breakdown kept) | H25: 4 | J25: =IF(OR(H25="",I25=""),"",H25*I25) | K25: 4
A26: 46091 | B26: INDIRECT | C26: =IF(B26="","",IFERROR(INDEX('12 P6 activities'!$B$7:$B$206,MATCH(B26,'12 P6 activities'!$A$7:$A$206,0)),"⚠ not in P6 list")) -> Indirect work: supervision, welfare, cleaning | D26: =IF(B26="","",IFERROR(INDEX('12 P6 activities'!$C$7:$C$206,MATCH(B26,'12 P6 activities'!$A$7:$A$206,0)),"⚠ not in P6 list")) -> SITE.IND | E26: Labour | F26: All trades (no breakdown kept) | H26: 30 | J26: =IF(OR(H26="",I26=""),"",H26*I26)
A27: 46091 | B27: INDIRECT | C27: =IF(B27="","",IFERROR(INDEX('12 P6 activities'!$B$7:$B$206,MATCH(B27,'12 P6 activities'!$A$7:$A$206,0)),"⚠ not in P6 list")) -> Indirect work: supervision, welfare, cleaning | D27: =IF(B27="","",IFERROR(INDEX('12 P6 activities'!$C$7:$C$206,MATCH(B27,'12 P6 activities'!$A$7:$A$206,0)),"⚠ not in P6 list")) -> SITE.IND | E27: Plant | F27: All plant (no breakdown kept) | H27: 4 | J27: =IF(OR(H27="",I27=""),"",H27*I27) | K27: 4
A28: 46092 | B28: INDIRECT | C28: =IF(B28="","",IFERROR(INDEX('12 P6 activities'!$B$7:$B$206,MATCH(B28,'12 P6 activities'!$A$7:$A$206,0)),"⚠ not in P6 list")) -> Indirect work: supervision, welfare, cleaning | D28: =IF(B28="","",IFERROR(INDEX('12 P6 activities'!$C$7:$C$206,MATCH(B28,'12 P6 activities'!$A$7:$A$206,0)),"⚠ not in P6 list")) -> SITE.IND | E28: Labour | F28: All trades (no breakdown kept) | H28: 25 | J28: =IF(OR(H28="",I28=""),"",H28*I28)
A29: 46092 | B29: INDIRECT | C29: =IF(B29="","",IFERROR(INDEX('12 P6 activities'!$B$7:$B$206,MATCH(B29,'12 P6 activities'!$A$7:$A$206,0)),"⚠ not in P6 list")) -> Indirect work: supervision, welfare, cleaning | D29: =IF(B29="","",IFERROR(INDEX('12 P6 activities'!$C$7:$C$206,MATCH(B29,'12 P6 activities'!$A$7:$A$206,0)),"⚠ not in P6 list")) -> SITE.IND | E29: Plant | F29: All plant (no breakdown kept) | H29: 3 | J29: =IF(OR(H29="",I29=""),"",H29*I29) | K29: 3
A30: 46093 | B30: INDIRECT | C30: =IF(B30="","",IFERROR(INDEX('12 P6 activities'!$B$7:$B$206,MATCH(B30,'12 P6 activities'!$A$7:$A$206,0)),"⚠ not in P6 list")) -> Indirect work: supervision, welfare, cleaning | D30: =IF(B30="","",IFERROR(INDEX('12 P6 activities'!$C$7:$C$206,MATCH(B30,'12 P6 activities'!$A$7:$A$206,0)),"⚠ not in P6 list")) -> SITE.IND | E30: Labour | F30: All trades (no breakdown kept) | H30: 28 | J30: =IF(OR(H30="",I30=""),"",H30*I30)
A31: 46093 | B31: INDIRECT | C31: =IF(B31="","",IFERROR(INDEX('12 P6 activities'!$B$7:$B$206,MATCH(B31,'12 P6 activities'!$A$7:$A$206,0)),"⚠ not in P6 list")) -> Indirect work: supervision, welfare, cleaning | D31: =IF(B31="","",IFERROR(INDEX('12 P6 activities'!$C$7:$C$206,MATCH(B31,'12 P6 activities'!$A$7:$A$206,0)),"⚠ not in P6 list")) -> SITE.IND | E31: Plant | F31: All plant (no breakdown kept) | H31: 4 | J31: =IF(OR(H31="",I31=""),"",H31*I31) | K31: 4
A32: 46094 | B32: INDIRECT | C32: =IF(B32="","",IFERROR(INDEX('12 P6 activities'!$B$7:$B$206,MATCH(B32,'12 P6 activities'!$A$7:$A$206,0)),"⚠ not in P6 list")) -> Indirect work: supervision, welfare, cleaning | D32: =IF(B32="","",IFERROR(INDEX('12 P6 activities'!$C$7:$C$206,MATCH(B32,'12 P6 activities'!$A$7:$A$206,0)),"⚠ not in P6 list")) -> SITE.IND | E32: Labour | F32: All trades (no breakdown kept) | H32: 27 | J32: =IF(OR(H32="",I32=""),"",H32*I32)
A33: 46094 | B33: INDIRECT | C33: =IF(B33="","",IFERROR(INDEX('12 P6 activities'!$B$7:$B$206,MATCH(B33,'12 P6 activities'!$A$7:$A$206,0)),"⚠ not in P6 list")) -> Indirect work: supervision, welfare, cleaning | D33: =IF(B33="","",IFERROR(INDEX('12 P6 activities'!$C$7:$C$206,MATCH(B33,'12 P6 activities'!$A$7:$A$206,0)),"⚠ not in P6 list")) -> SITE.IND | E33: Plant | F33: All plant (no breakdown kept) | H33: 4 | J33: =IF(OR(H33="",I33=""),"",H33*I33) | K33: 4
C34: =IF(B34="","",IFERROR(INDEX('12 P6 activities'!$B$7:$B$206,MATCH(B34,'12 P6 activities'!$A$7:$A$206,0)),"⚠ not in P6 list")) | D34: =IF(B34="","",IFERROR(INDEX('12 P6 activities'!$C$7:$C$206,MATCH(B34,'12 P6 activities'!$A$7:$A$206,0)),"⚠ not in P6 list")) | J34: =IF(OR(H34="",I34=""),"",H34*I34)
C35: =IF(B35="","",IFERROR(INDEX('12 P6 activities'!$B$7:$B$206,MATCH(B35,'12 P6 activities'!$A$7:$A$206,0)),"⚠ not in P6 list")) | D35: =IF(B35="","",IFERROR(INDEX('12 P6 activities'!$C$7:$C$206,MATCH(B35,'12 P6 activities'!$A$7:$A$206,0)),"⚠ not in P6 list")) | J35: =IF(OR(H35="",I35=""),"",H35*I35)
C36: =IF(B36="","",IFERROR(INDEX('12 P6 activities'!$B$7:$B$206,MATCH(B36,'12 P6 activities'!$A$7:$A$206,0)),"⚠ not in P6 list")) | D36: =IF(B36="","",IFERROR(INDEX('12 P6 activities'!$C$7:$C$206,MATCH(B36,'12 P6 activities'!$A$7:$A$206,0)),"⚠ not in P6 list")) | J36: =IF(OR(H36="",I36=""),"",H36*I36)
C37: =IF(B37="","",IFERROR(INDEX('12 P6 activities'!$B$7:$B$206,MATCH(B37,'12 P6 activities'!$A$7:$A$206,0)),"⚠ not in P6 list")) | D37: =IF(B37="","",IFERROR(INDEX('12 P6 activities'!$C$7:$C$206,MATCH(B37,'12 P6 activities'!$A$7:$A$206,0)),"⚠ not in P6 list")) | J37: =IF(OR(H37="",I37=""),"",H37*I37)
C38: =IF(B38="","",IFERROR(INDEX('12 P6 activities'!$B$7:$B$206,MATCH(B38,'12 P6 activities'!$A$7:$A$206,0)),"⚠ not in P6 list")) | D38: =IF(B38="","",IFERROR(INDEX('12 P6 activities'!$C$7:$C$206,MATCH(B38,'12 P6 activities'!$A$7:$A$206,0)),"⚠ not in P6 list")) | J38: =IF(OR(H38="",I38=""),"",H38*I38)
C39: =IF(B39="","",IFERROR(INDEX('12 P6 activities'!$B$7:$B$206,MATCH(B39,'12 P6 activities'!$A$7:$A$206,0)),"⚠ not in P6 list")) | D39: =IF(B39="","",IFERROR(INDEX('12 P6 activities'!$C$7:$C$206,MATCH(B39,'12 P6 activities'!$A$7:$A$206,0)),"⚠ not in P6 list")) | J39: =IF(OR(H39="",I39=""),"",H39*I39)
C40: =IF(B40="","",IFERROR(INDEX('12 P6 activities'!$B$7:$B$206,MATCH(B40,'12 P6 activities'!$A$7:$A$206,0)),"⚠ not in P6 list")) | D40: =IF(B40="","",IFERROR(INDEX('12 P6 activities'!$C$7:$C$206,MATCH(B40,'12 P6 activities'!$A$7:$A$206,0)),"⚠ not in P6 list")) | J40: =IF(OR(H40="",I40=""),"",H40*I40)
C41: =IF(B41="","",IFERROR(INDEX('12 P6 activities'!$B$7:$B$206,MATCH(B41,'12 P6 activities'!$A$7:$A$206,0)),"⚠ not in P6 list")) | D41: =IF(B41="","",IFERROR(INDEX('12 P6 activities'!$C$7:$C$206,MATCH(B41,'12 P6 activities'!$A$7:$A$206,0)),"⚠ not in P6 list")) | J41: =IF(OR(H41="",I41=""),"",H41*I41)
C42: =IF(B42="","",IFERROR(INDEX('12 P6 activities'!$B$7:$B$206,MATCH(B42,'12 P6 activities'!$A$7:$A$206,0)),"⚠ not in P6 list")) | D42: =IF(B42="","",IFERROR(INDEX('12 P6 activities'!$C$7:$C$206,MATCH(B42,'12 P6 activities'!$A$7:$A$206,0)),"⚠ not in P6 list")) | J42: =IF(OR(H42="",I42=""),"",H42*I42)
C43: =IF(B43="","",IFERROR(INDEX('12 P6 activities'!$B$7:$B$206,MATCH(B43,'12 P6 activities'!$A$7:$A$206,0)),"⚠ not in P6 list")) | D43: =IF(B43="","",IFERROR(INDEX('12 P6 activities'!$C$7:$C$206,MATCH(B43,'12 P6 activities'!$A$7:$A$206,0)),"⚠ not in P6 list")) | J43: =IF(OR(H43="",I43=""),"",H43*I43)
C44: =IF(B44="","",IFERROR(INDEX('12 P6 activities'!$B$7:$B$206,MATCH(B44,'12 P6 activities'!$A$7:$A$206,0)),"⚠ not in P6 list")) | D44: =IF(B44="","",IFERROR(INDEX('12 P6 activities'!$C$7:$C$206,MATCH(B44,'12 P6 activities'!$A$7:$A$206,0)),"⚠ not in P6 list")) | J44: =IF(OR(H44="",I44=""),"",H44*I44)
C45: =IF(B45="","",IFERROR(INDEX('12 P6 activities'!$B$7:$B$206,MATCH(B45,'12 P6 activities'!$A$7:$A$206,0)),"⚠ not in P6 list")) | D45: =IF(B45="","",IFERROR(INDEX('12 P6 activities'!$C$7:$C$206,MATCH(B45,'12 P6 activities'!$A$7:$A$206,0)),"⚠ not in P6 list")) | J45: =IF(OR(H45="",I45=""),"",H45*I45)
... C506: =IF(B506="","",IFERROR(INDEX('12 P6 activities'!$B$7:$B$206,MATCH(B506,'12 P6 activities'!$A$7:$A$206,0)),"⚠ not in P6 list")) | D506: =IF(B506="","",IFERROR(INDEX('12 P6 activities'!$C$7:$C$206,MATCH(B506,'12 P6 activities'!$A$7:$A$206,0)),"⚠ not in P6 list")) | J506: =IF(OR(H506="",I506=""),"",H506*I506)

Sheet 05 Work done log
A1: Work done log | I1: The Project Control Hub
A2: One line per P6 activity per day: the quantities the Dashboard adds up by week.
A3: Type the facts here, once: one line per P6 activity per day. The Daily report and the Dashboard read from here.
A6: Date | B6: P6 Activity ID | C6: Activity (from P6) | D6: WBS (from P6) | E6: Location | F6: Quantity | G6: Unit | H6: Source | I6: Comment
A7: 46084 | B7: A1000 | C7: =IF(B7="","",IFERROR(INDEX('12 P6 activities'!$B$7:$B$206,MATCH(B7,'12 P6 activities'!$A$7:$A$206,0)),"ID not in P6 list")) -> Bored piles, north | D7: =IF(B7="","",IFERROR(INDEX('12 P6 activities'!$C$7:$C$206,MATCH(B7,'12 P6 activities'!$A$7:$A$206,0)),"⚠ not in P6 list")) -> SITE.FND.PIL | E7: North piling area | F7: 2 | G7: =IF(B7="","",IFERROR(INDEX('12 P6 activities'!$E$7:$E$206,MATCH(B7,'12 P6 activities'!$A$7:$A$206,0)),"")) -> no. | H7: Counted | I7: P17, P18. Penetration rate changed: see events
A8: 46084 | B8: A1100 | C8: =IF(B8="","",IFERROR(INDEX('12 P6 activities'!$B$7:$B$206,MATCH(B8,'12 P6 activities'!$A$7:$A$206,0)),"ID not in P6 list")) -> Raft reinforcement, bay 1 | D8: =IF(B8="","",IFERROR(INDEX('12 P6 activities'!$C$7:$C$206,MATCH(B8,'12 P6 activities'!$A$7:$A$206,0)),"⚠ not in P6 list")) -> SITE.FND.RAF | E8: Raft bay 1 | F8: 3.5 | G8: =IF(B8="","",IFERROR(INDEX('12 P6 activities'!$E$7:$E$206,MATCH(B8,'12 P6 activities'!$A$7:$A$206,0)),"")) -> t | H8: Counted | I8: About 16 hours a tonne
A9: 46084 | B9: A1200 | C9: =IF(B9="","",IFERROR(INDEX('12 P6 activities'!$B$7:$B$206,MATCH(B9,'12 P6 activities'!$A$7:$A$206,0)),"ID not in P6 list")) -> Blinding, substation slab | D9: =IF(B9="","",IFERROR(INDEX('12 P6 activities'!$C$7:$C$206,MATCH(B9,'12 P6 activities'!$A$7:$A$206,0)),"⚠ not in P6 list")) -> SITE.SUB.SLB | E9: Substation slab | F9: 38 | G9: =IF(B9="","",IFERROR(INDEX('12 P6 activities'!$E$7:$E$206,MATCH(B9,'12 P6 activities'!$A$7:$A$206,0)),"")) -> m² | H9: Counted | I9: Survey completed next morning (revision 1)
A10: 46084 | B10: A1300 | C10: =IF(B10="","",IFERROR(INDEX('12 P6 activities'!$B$7:$B$206,MATCH(B10,'12 P6 activities'!$A$7:$A$206,0)),"ID not in P6 list")) -> Drainage run D2 | D10: =IF(B10="","",IFERROR(INDEX('12 P6 activities'!$C$7:$C$206,MATCH(B10,'12 P6 activities'!$A$7:$A$206,0)),"⚠ not in P6 list")) -> SITE.EXT.DRN | E10: East side | F10: 24 | G10: =IF(B10="","",IFERROR(INDEX('12 P6 activities'!$E$7:$E$206,MATCH(B10,'12 P6 activities'!$A$7:$A$206,0)),"")) -> m | H10: Estimated | I10: Foreman’s figure; to be measured
C11: =IF(B11="","",IFERROR(INDEX('12 P6 activities'!$B$7:$B$206,MATCH(B11,'12 P6 activities'!$A$7:$A$206,0)),"ID not in P6 list")) | D11: =IF(B11="","",IFERROR(INDEX('12 P6 activities'!$C$7:$C$206,MATCH(B11,'12 P6 activities'!$A$7:$A$206,0)),"⚠ not in P6 list")) | G11: =IF(B11="","",IFERROR(INDEX('12 P6 activities'!$E$7:$E$206,MATCH(B11,'12 P6 activities'!$A$7:$A$206,0)),""))
C12: =IF(B12="","",IFERROR(INDEX('12 P6 activities'!$B$7:$B$206,MATCH(B12,'12 P6 activities'!$A$7:$A$206,0)),"ID not in P6 list")) | D12: =IF(B12="","",IFERROR(INDEX('12 P6 activities'!$C$7:$C$206,MATCH(B12,'12 P6 activities'!$A$7:$A$206,0)),"⚠ not in P6 list")) | G12: =IF(B12="","",IFERROR(INDEX('12 P6 activities'!$E$7:$E$206,MATCH(B12,'12 P6 activities'!$A$7:$A$206,0)),""))
C13: =IF(B13="","",IFERROR(INDEX('12 P6 activities'!$B$7:$B$206,MATCH(B13,'12 P6 activities'!$A$7:$A$206,0)),"ID not in P6 list")) | D13: =IF(B13="","",IFERROR(INDEX('12 P6 activities'!$C$7:$C$206,MATCH(B13,'12 P6 activities'!$A$7:$A$206,0)),"⚠ not in P6 list")) | G13: =IF(B13="","",IFERROR(INDEX('12 P6 activities'!$E$7:$E$206,MATCH(B13,'12 P6 activities'!$A$7:$A$206,0)),""))
C14: =IF(B14="","",IFERROR(INDEX('12 P6 activities'!$B$7:$B$206,MATCH(B14,'12 P6 activities'!$A$7:$A$206,0)),"ID not in P6 list")) | D14: =IF(B14="","",IFERROR(INDEX('12 P6 activities'!$C$7:$C$206,MATCH(B14,'12 P6 activities'!$A$7:$A$206,0)),"⚠ not in P6 list")) | G14: =IF(B14="","",IFERROR(INDEX('12 P6 activities'!$E$7:$E$206,MATCH(B14,'12 P6 activities'!$A$7:$A$206,0)),""))
C15: =IF(B15="","",IFERROR(INDEX('12 P6 activities'!$B$7:$B$206,MATCH(B15,'12 P6 activities'!$A$7:$A$206,0)),"ID not in P6 list")) | D15: =IF(B15="","",IFERROR(INDEX('12 P6 activities'!$C$7:$C$206,MATCH(B15,'12 P6 activities'!$A$7:$A$206,0)),"⚠ not in P6 list")) | G15: =IF(B15="","",IFERROR(INDEX('12 P6 activities'!$E$7:$E$206,MATCH(B15,'12 P6 activities'!$A$7:$A$206,0)),""))
C16: =IF(B16="","",IFERROR(INDEX('12 P6 activities'!$B$7:$B$206,MATCH(B16,'12 P6 activities'!$A$7:$A$206,0)),"ID not in P6 list")) | D16: =IF(B16="","",IFERROR(INDEX('12 P6 activities'!$C$7:$C$206,MATCH(B16,'12 P6 activities'!$A$7:$A$206,0)),"⚠ not in P6 list")) | G16: =IF(B16="","",IFERROR(INDEX('12 P6 activities'!$E$7:$E$206,MATCH(B16,'12 P6 activities'!$A$7:$A$206,0)),""))
C17: =IF(B17="","",IFERROR(INDEX('12 P6 activities'!$B$7:$B$206,MATCH(B17,'12 P6 activities'!$A$7:$A$206,0)),"ID not in P6 list")) | D17: =IF(B17="","",IFERROR(INDEX('12 P6 activities'!$C$7:$C$206,MATCH(B17,'12 P6 activities'!$A$7:$A$206,0)),"⚠ not in P6 list")) | G17: =IF(B17="","",IFERROR(INDEX('12 P6 activities'!$E$7:$E$206,MATCH(B17,'12 P6 activities'!$A$7:$A$206,0)),""))
C18: =IF(B18="","",IFERROR(INDEX('12 P6 activities'!$B$7:$B$206,MATCH(B18,'12 P6 activities'!$A$7:$A$206,0)),"ID not in P6 list")) | D18: =IF(B18="","",IFERROR(INDEX('12 P6 activities'!$C$7:$C$206,MATCH(B18,'12 P6 activities'!$A$7:$A$206,0)),"⚠ not in P6 list")) | G18: =IF(B18="","",IFERROR(INDEX('12 P6 activities'!$E$7:$E$206,MATCH(B18,'12 P6 activities'!$A$7:$A$206,0)),""))
C19: =IF(B19="","",IFERROR(INDEX('12 P6 activities'!$B$7:$B$206,MATCH(B19,'12 P6 activities'!$A$7:$A$206,0)),"ID not in P6 list")) | D19: =IF(B19="","",IFERROR(INDEX('12 P6 activities'!$C$7:$C$206,MATCH(B19,'12 P6 activities'!$A$7:$A$206,0)),"⚠ not in P6 list")) | G19: =IF(B19="","",IFERROR(INDEX('12 P6 activities'!$E$7:$E$206,MATCH(B19,'12 P6 activities'!$A$7:$A$206,0)),""))
C20: =IF(B20="","",IFERROR(INDEX('12 P6 activities'!$B$7:$B$206,MATCH(B20,'12 P6 activities'!$A$7:$A$206,0)),"ID not in P6 list")) | D20: =IF(B20="","",IFERROR(INDEX('12 P6 activities'!$C$7:$C$206,MATCH(B20,'12 P6 activities'!$A$7:$A$206,0)),"⚠ not in P6 list")) | G20: =IF(B20="","",IFERROR(INDEX('12 P6 activities'!$E$7:$E$206,MATCH(B20,'12 P6 activities'!$A$7:$A$206,0)),""))
C21: =IF(B21="","",IFERROR(INDEX('12 P6 activities'!$B$7:$B$206,MATCH(B21,'12 P6 activities'!$A$7:$A$206,0)),"ID not in P6 list")) | D21: =IF(B21="","",IFERROR(INDEX('12 P6 activities'!$C$7:$C$206,MATCH(B21,'12 P6 activities'!$A$7:$A$206,0)),"⚠ not in P6 list")) | G21: =IF(B21="","",IFERROR(INDEX('12 P6 activities'!$E$7:$E$206,MATCH(B21,'12 P6 activities'!$A$7:$A$206,0)),""))
C22: =IF(B22="","",IFERROR(INDEX('12 P6 activities'!$B$7:$B$206,MATCH(B22,'12 P6 activities'!$A$7:$A$206,0)),"ID not in P6 list")) | D22: =IF(B22="","",IFERROR(INDEX('12 P6 activities'!$C$7:$C$206,MATCH(B22,'12 P6 activities'!$A$7:$A$206,0)),"⚠ not in P6 list")) | G22: =IF(B22="","",IFERROR(INDEX('12 P6 activities'!$E$7:$E$206,MATCH(B22,'12 P6 activities'!$A$7:$A$206,0)),""))
... C506: =IF(B506="","",IFERROR(INDEX('12 P6 activities'!$B$7:$B$206,MATCH(B506,'12 P6 activities'!$A$7:$A$206,0)),"ID not in P6 list")) | D506: =IF(B506="","",IFERROR(INDEX('12 P6 activities'!$C$7:$C$206,MATCH(B506,'12 P6 activities'!$A$7:$A$206,0)),"⚠ not in P6 list")) | G506: =IF(B506="","",IFERROR(INDEX('12 P6 activities'!$E$7:$E$206,MATCH(B506,'12 P6 activities'!$A$7:$A$206,0)),""))

Sheet 06 Event log
A1: Event log | K1: The Project Control Hub
A2: Events, instructions, delays, visitors: one line each. The Daily report and the Notice calendar read from here.
A3: Type the facts here, once. Blue cells are inputs; the Daily report builds itself from this log when you pick a date.
A6: Date | B6: Type | C6: What happened | D6: P6 Activity ID | E6: Activity (from P6) | F6: WBS (from P6) | G6: Time | H6: Could it become a claim? | I6: Then
A7: 46083 | B7: Event | C7: Piling P15 and P16 | E7: =IF(D7="","",IFERROR(INDEX('12 P6 activities'!$B$7:$B$206,MATCH(D7,'12 P6 activities'!$A$7:$A$206,0)),"⚠ not in P6 list")) | F7: =IF(D7="","",IFERROR(INDEX('12 P6 activities'!$C$7:$C$206,MATCH(D7,'12 P6 activities'!$A$7:$A$206,0)),"⚠ not in P6 list")) | H7: N | I7: =IF(H7<>"Y","",IF(D7="","Pick the affected P6 activity first",IF(COUNTIFS('11 Notice calendar'!$A$7:$A$46,A7,'11 Notice calendar'!$I$7:$I$46,D7)>0,"In the Notice calendar","Log it in the Notice calendar today")))
A8: 46084 | B8: Event | C8: Piling rig: penetration rate changed at P17 and P18, consistent with rock. Driller’s log kept. | D8: A1000 | E8: =IF(D8="","",IFERROR(INDEX('12 P6 activities'!$B$7:$B$206,MATCH(D8,'12 P6 activities'!$A$7:$A$206,0)),"⚠ not in P6 list")) -> Bored piles, north | F8: =IF(D8="","",IFERROR(INDEX('12 P6 activities'!$C$7:$C$206,MATCH(D8,'12 P6 activities'!$A$7:$A$206,0)),"⚠ not in P6 list")) -> SITE.FND.PIL | G8: 0.44444444 | H8: Y | I8: =IF(H8<>"Y","",IF(D8="","Pick the affected P6 activity first",IF(COUNTIFS('11 Notice calendar'!$A$7:$A$46,A8,'11 Notice calendar'!$I$7:$I$46,D8)>0,"In the Notice calendar","Log it in the Notice calendar today"))) -> In the Notice calendar
A9: 46084 | B9: Instruction | C9: Site engineer emailed the resident engineer; reply "noted, discuss Thursday". No Notice served yet. | D9: A1000 | E9: =IF(D9="","",IFERROR(INDEX('12 P6 activities'!$B$7:$B$206,MATCH(D9,'12 P6 activities'!$A$7:$A$206,0)),"⚠ not in P6 list")) -> Bored piles, north | F9: =IF(D9="","",IFERROR(INDEX('12 P6 activities'!$C$7:$C$206,MATCH(D9,'12 P6 activities'!$A$7:$A$206,0)),"⚠ not in P6 list")) -> SITE.FND.PIL | G9: 0.46875 | H9: Y | I9: =IF(H9<>"Y","",IF(D9="","Pick the affected P6 activity first",IF(COUNTIFS('11 Notice calendar'!$A$7:$A$46,A9,'11 Notice calendar'!$I$7:$I$46,D9)>0,"In the Notice calendar","Log it in the Notice calendar today"))) -> In the Notice calendar
A10: 46084 | B10: Delay | C10: Rain from 15:00: blinding stopped for the day. | D10: A1200 | E10: =IF(D10="","",IFERROR(INDEX('12 P6 activities'!$B$7:$B$206,MATCH(D10,'12 P6 activities'!$A$7:$A$206,0)),"⚠ not in P6 list")) -> Blinding, substation slab | F10: =IF(D10="","",IFERROR(INDEX('12 P6 activities'!$C$7:$C$206,MATCH(D10,'12 P6 activities'!$A$7:$A$206,0)),"⚠ not in P6 list")) -> SITE.SUB.SLB | G10: 0.625 | H10: N | I10: =IF(H10<>"Y","",IF(D10="","Pick the affected P6 activity first",IF(COUNTIFS('11 Notice calendar'!$A$7:$A$46,A10,'11 Notice calendar'!$I$7:$I$46,D10)>0,"In the Notice calendar","Log it in the Notice calendar today")))
A11: 46085 | B11: Event | C11: Bar schedule revision for bay 2 requested | E11: =IF(D11="","",IFERROR(INDEX('12 P6 activities'!$B$7:$B$206,MATCH(D11,'12 P6 activities'!$A$7:$A$206,0)),"⚠ not in P6 list")) | F11: =IF(D11="","",IFERROR(INDEX('12 P6 activities'!$C$7:$C$206,MATCH(D11,'12 P6 activities'!$A$7:$A$206,0)),"⚠ not in P6 list")) | H11: N | I11: =IF(H11<>"Y","",IF(D11="","Pick the affected P6 activity first",IF(COUNTIFS('11 Notice calendar'!$A$7:$A$46,A11,'11 Notice calendar'!$I$7:$I$46,D11)>0,"In the Notice calendar","Log it in the Notice calendar today")))
A12: 46086 | B12: Event | C12: No pours: heavy rain | E12: =IF(D12="","",IFERROR(INDEX('12 P6 activities'!$B$7:$B$206,MATCH(D12,'12 P6 activities'!$A$7:$A$206,0)),"⚠ not in P6 list")) | F12: =IF(D12="","",IFERROR(INDEX('12 P6 activities'!$C$7:$C$206,MATCH(D12,'12 P6 activities'!$A$7:$A$206,0)),"⚠ not in P6 list")) | H12: N | I12: =IF(H12<>"Y","",IF(D12="","Pick the affected P6 activity first",IF(COUNTIFS('11 Notice calendar'!$A$7:$A$46,A12,'11 Notice calendar'!$I$7:$I$46,D12)>0,"In the Notice calendar","Log it in the Notice calendar today")))
A13: 46087 | B13: Event | C13: Crane booked for 17 March | E13: =IF(D13="","",IFERROR(INDEX('12 P6 activities'!$B$7:$B$206,MATCH(D13,'12 P6 activities'!$A$7:$A$206,0)),"⚠ not in P6 list")) | F13: =IF(D13="","",IFERROR(INDEX('12 P6 activities'!$C$7:$C$206,MATCH(D13,'12 P6 activities'!$A$7:$A$206,0)),"⚠ not in P6 list")) | H13: N | I13: =IF(H13<>"Y","",IF(D13="","Pick the affected P6 activity first",IF(COUNTIFS('11 Notice calendar'!$A$7:$A$46,A13,'11 Notice calendar'!$I$7:$I$46,D13)>0,"In the Notice calendar","Log it in the Notice calendar today")))
A14: 46090 | B14: Event | C14: Rig back in service | E14: =IF(D14="","",IFERROR(INDEX('12 P6 activities'!$B$7:$B$206,MATCH(D14,'12 P6 activities'!$A$7:$A$206,0)),"⚠ not in P6 list")) | F14: =IF(D14="","",IFERROR(INDEX('12 P6 activities'!$C$7:$C$206,MATCH(D14,'12 P6 activities'!$A$7:$A$206,0)),"⚠ not in P6 list")) | H14: N | I14: =IF(H14<>"Y","",IF(D14="","Pick the affected P6 activity first",IF(COUNTIFS('11 Notice calendar'!$A$7:$A$46,A14,'11 Notice calendar'!$I$7:$I$46,D14)>0,"In the Notice calendar","Log it in the Notice calendar today")))
A15: 46091 | B15: Event | C15: Ground beams GB1 to GB3 poured | E15: =IF(D15="","",IFERROR(INDEX('12 P6 activities'!$B$7:$B$206,MATCH(D15,'12 P6 activities'!$A$7:$A$206,0)),"⚠ not in P6 list")) | F15: =IF(D15="","",IFERROR(INDEX('12 P6 activities'!$C$7:$C$206,MATCH(D15,'12 P6 activities'!$A$7:$A$206,0)),"⚠ not in P6 list")) | H15: N | I15: =IF(H15<>"Y","",IF(D15="","Pick the affected P6 activity first",IF(COUNTIFS('11 Notice calendar'!$A$7:$A$46,A15,'11 Notice calendar'!$I$7:$I$46,D15)>0,"In the Notice calendar","Log it in the Notice calendar today")))
A16: 46092 | B16: Event | C16: Membrane delivery not confirmed | E16: =IF(D16="","",IFERROR(INDEX('12 P6 activities'!$B$7:$B$206,MATCH(D16,'12 P6 activities'!$A$7:$A$206,0)),"⚠ not in P6 list")) | F16: =IF(D16="","",IFERROR(INDEX('12 P6 activities'!$C$7:$C$206,MATCH(D16,'12 P6 activities'!$A$7:$A$206,0)),"⚠ not in P6 list")) | H16: N | I16: =IF(H16<>"Y","",IF(D16="","Pick the affected P6 activity first",IF(COUNTIFS('11 Notice calendar'!$A$7:$A$46,A16,'11 Notice calendar'!$I$7:$I$46,D16)>0,"In the Notice calendar","Log it in the Notice calendar today")))
A17: 46093 | B17: Event | C17: Raft rebar bay 1 continues | E17: =IF(D17="","",IFERROR(INDEX('12 P6 activities'!$B$7:$B$206,MATCH(D17,'12 P6 activities'!$A$7:$A$206,0)),"⚠ not in P6 list")) | F17: =IF(D17="","",IFERROR(INDEX('12 P6 activities'!$C$7:$C$206,MATCH(D17,'12 P6 activities'!$A$7:$A$206,0)),"⚠ not in P6 list")) | H17: N | I17: =IF(H17<>"Y","",IF(D17="","Pick the affected P6 activity first",IF(COUNTIFS('11 Notice calendar'!$A$7:$A$46,A17,'11 Notice calendar'!$I$7:$I$46,D17)>0,"In the Notice calendar","Log it in the Notice calendar today")))
A18: 46094 | B18: Event | C18: Weekly meeting | E18: =IF(D18="","",IFERROR(INDEX('12 P6 activities'!$B$7:$B$206,MATCH(D18,'12 P6 activities'!$A$7:$A$206,0)),"⚠ not in P6 list")) | F18: =IF(D18="","",IFERROR(INDEX('12 P6 activities'!$C$7:$C$206,MATCH(D18,'12 P6 activities'!$A$7:$A$206,0)),"⚠ not in P6 list")) | H18: N | I18: =IF(H18<>"Y","",IF(D18="","Pick the affected P6 activity first",IF(COUNTIFS('11 Notice calendar'!$A$7:$A$46,A18,'11 Notice calendar'!$I$7:$I$46,D18)>0,"In the Notice calendar","Log it in the Notice calendar today")))
E19: =IF(D19="","",IFERROR(INDEX('12 P6 activities'!$B$7:$B$206,MATCH(D19,'12 P6 activities'!$A$7:$A$206,0)),"⚠ not in P6 list")) | F19: =IF(D19="","",IFERROR(INDEX('12 P6 activities'!$C$7:$C$206,MATCH(D19,'12 P6 activities'!$A$7:$A$206,0)),"⚠ not in P6 list")) | I19: =IF(H19<>"Y","",IF(D19="","Pick the affected P6 activity first",IF(COUNTIFS('11 Notice calendar'!$A$7:$A$46,A19,'11 Notice calendar'!$I$7:$I$46,D19)>0,"In the Notice calendar","Log it in the Notice calendar today")))
E20: =IF(D20="","",IFERROR(INDEX('12 P6 activities'!$B$7:$B$206,MATCH(D20,'12 P6 activities'!$A$7:$A$206,0)),"⚠ not in P6 list")) | F20: =IF(D20="","",IFERROR(INDEX('12 P6 activities'!$C$7:$C$206,MATCH(D20,'12 P6 activities'!$A$7:$A$206,0)),"⚠ not in P6 list")) | I20: =IF(H20<>"Y","",IF(D20="","Pick the affected P6 activity first",IF(COUNTIFS('11 Notice calendar'!$A$7:$A$46,A20,'11 Notice calendar'!$I$7:$I$46,D20)>0,"In the Notice calendar","Log it in the Notice calendar today")))
E21: =IF(D21="","",IFERROR(INDEX('12 P6 activities'!$B$7:$B$206,MATCH(D21,'12 P6 activities'!$A$7:$A$206,0)),"⚠ not in P6 list")) | F21: =IF(D21="","",IFERROR(INDEX('12 P6 activities'!$C$7:$C$206,MATCH(D21,'12 P6 activities'!$A$7:$A$206,0)),"⚠ not in P6 list")) | I21: =IF(H21<>"Y","",IF(D21="","Pick the affected P6 activity first",IF(COUNTIFS('11 Notice calendar'!$A$7:$A$46,A21,'11 Notice calendar'!$I$7:$I$46,D21)>0,"In the Notice calendar","Log it in the Notice calendar today")))
E22: =IF(D22="","",IFERROR(INDEX('12 P6 activities'!$B$7:$B$206,MATCH(D22,'12 P6 activities'!$A$7:$A$206,0)),"⚠ not in P6 list")) | F22: =IF(D22="","",IFERROR(INDEX('12 P6 activities'!$C$7:$C$206,MATCH(D22,'12 P6 activities'!$A$7:$A$206,0)),"⚠ not in P6 list")) | I22: =IF(H22<>"Y","",IF(D22="","Pick the affected P6 activity first",IF(COUNTIFS('11 Notice calendar'!$A$7:$A$46,A22,'11 Notice calendar'!$I$7:$I$46,D22)>0,"In the Notice calendar","Log it in the Notice calendar today")))
E23: =IF(D23="","",IFERROR(INDEX('12 P6 activities'!$B$7:$B$206,MATCH(D23,'12 P6 activities'!$A$7:$A$206,0)),"⚠ not in P6 list")) | F23: =IF(D23="","",IFERROR(INDEX('12 P6 activities'!$C$7:$C$206,MATCH(D23,'12 P6 activities'!$A$7:$A$206,0)),"⚠ not in P6 list")) | I23: =IF(H23<>"Y","",IF(D23="","Pick the affected P6 activity first",IF(COUNTIFS('11 Notice calendar'!$A$7:$A$46,A23,'11 Notice calendar'!$I$7:$I$46,D23)>0,"In the Notice calendar","Log it in the Notice calendar today")))
E24: =IF(D24="","",IFERROR(INDEX('12 P6 activities'!$B$7:$B$206,MATCH(D24,'12 P6 activities'!$A$7:$A$206,0)),"⚠ not in P6 list")) | F24: =IF(D24="","",IFERROR(INDEX('12 P6 activities'!$C$7:$C$206,MATCH(D24,'12 P6 activities'!$A$7:$A$206,0)),"⚠ not in P6 list")) | I24: =IF(H24<>"Y","",IF(D24="","Pick the affected P6 activity first",IF(COUNTIFS('11 Notice calendar'!$A$7:$A$46,A24,'11 Notice calendar'!$I$7:$I$46,D24)>0,"In the Notice calendar","Log it in the Notice calendar today")))
E25: =IF(D25="","",IFERROR(INDEX('12 P6 activities'!$B$7:$B$206,MATCH(D25,'12 P6 activities'!$A$7:$A$206,0)),"⚠ not in P6 list")) | F25: =IF(D25="","",IFERROR(INDEX('12 P6 activities'!$C$7:$C$206,MATCH(D25,'12 P6 activities'!$A$7:$A$206,0)),"⚠ not in P6 list")) | I25: =IF(H25<>"Y","",IF(D25="","Pick the affected P6 activity first",IF(COUNTIFS('11 Notice calendar'!$A$7:$A$46,A25,'11 Notice calendar'!$I$7:$I$46,D25)>0,"In the Notice calendar","Log it in the Notice calendar today")))
E26: =IF(D26="","",IFERROR(INDEX('12 P6 activities'!$B$7:$B$206,MATCH(D26,'12 P6 activities'!$A$7:$A$206,0)),"⚠ not in P6 list")) | F26: =IF(D26="","",IFERROR(INDEX('12 P6 activities'!$C$7:$C$206,MATCH(D26,'12 P6 activities'!$A$7:$A$206,0)),"⚠ not in P6 list")) | I26: =IF(H26<>"Y","",IF(D26="","Pick the affected P6 activity first",IF(COUNTIFS('11 Notice calendar'!$A$7:$A$46,A26,'11 Notice calendar'!$I$7:$I$46,D26)>0,"In the Notice calendar","Log it in the Notice calendar today")))
E27: =IF(D27="","",IFERROR(INDEX('12 P6 activities'!$B$7:$B$206,MATCH(D27,'12 P6 activities'!$A$7:$A$206,0)),"⚠ not in P6 list")) | F27: =IF(D27="","",IFERROR(INDEX('12 P6 activities'!$C$7:$C$206,MATCH(D27,'12 P6 activities'!$A$7:$A$206,0)),"⚠ not in P6 list")) | I27: =IF(H27<>"Y","",IF(D27="","Pick the affected P6 activity first",IF(COUNTIFS('11 Notice calendar'!$A$7:$A$46,A27,'11 Notice calendar'!$I$7:$I$46,D27)>0,"In the Notice calendar","Log it in the Notice calendar today")))
E28: =IF(D28="","",IFERROR(INDEX('12 P6 activities'!$B$7:$B$206,MATCH(D28,'12 P6 activities'!$A$7:$A$206,0)),"⚠ not in P6 list")) | F28: =IF(D28="","",IFERROR(INDEX('12 P6 activities'!$C$7:$C$206,MATCH(D28,'12 P6 activities'!$A$7:$A$206,0)),"⚠ not in P6 list")) | I28: =IF(H28<>"Y","",IF(D28="","Pick the affected P6 activity first",IF(COUNTIFS('11 Notice calendar'!$A$7:$A$46,A28,'11 Notice calendar'!$I$7:$I$46,D28)>0,"In the Notice calendar","Log it in the Notice calendar today")))
E29: =IF(D29="","",IFERROR(INDEX('12 P6 activities'!$B$7:$B$206,MATCH(D29,'12 P6 activities'!$A$7:$A$206,0)),"⚠ not in P6 list")) | F29: =IF(D29="","",IFERROR(INDEX('12 P6 activities'!$C$7:$C$206,MATCH(D29,'12 P6 activities'!$A$7:$A$206,0)),"⚠ not in P6 list")) | I29: =IF(H29<>"Y","",IF(D29="","Pick the affected P6 activity first",IF(COUNTIFS('11 Notice calendar'!$A$7:$A$46,A29,'11 Notice calendar'!$I$7:$I$46,D29)>0,"In the Notice calendar","Log it in the Notice calendar today")))
E30: =IF(D30="","",IFERROR(INDEX('12 P6 activities'!$B$7:$B$206,MATCH(D30,'12 P6 activities'!$A$7:$A$206,0)),"⚠ not in P6 list")) | F30: =IF(D30="","",IFERROR(INDEX('12 P6 activities'!$C$7:$C$206,MATCH(D30,'12 P6 activities'!$A$7:$A$206,0)),"⚠ not in P6 list")) | I30: =IF(H30<>"Y","",IF(D30="","Pick the affected P6 activity first",IF(COUNTIFS('11 Notice calendar'!$A$7:$A$46,A30,'11 Notice calendar'!$I$7:$I$46,D30)>0,"In the Notice calendar","Log it in the Notice calendar today")))
... E506: =IF(D506="","",IFERROR(INDEX('12 P6 activities'!$B$7:$B$206,MATCH(D506,'12 P6 activities'!$A$7:$A$206,0)),"⚠ not in P6 list")) | F506: =IF(D506="","",IFERROR(INDEX('12 P6 activities'!$C$7:$C$206,MATCH(D506,'12 P6 activities'!$A$7:$A$206,0)),"⚠ not in P6 list")) | I506: =IF(H506<>"Y","",IF(D506="","Pick the affected P6 activity first",IF(COUNTIFS('11 Notice calendar'!$A$7:$A$46,A506,'11 Notice calendar'!$I$7:$I$46,D506)>0,"In the Notice calendar","Log it in the Notice calendar today")))

Sheet 07 Delivery log
A1: Delivery log | K1: The Project Control Hub
A2: Every delivery that arrives on site, one line each.
A3: Type the facts here, once. Blue cells are inputs; the Daily report builds itself from this log when you pick a date.
A6: Date | B6: Supplier | C6: Material | D6: Quantity | E6: Unit | F6: Delivery note | G6: Short or damaged? | H6: P6 Activity ID | I6: Activity (from P6) | J6: WBS (from P6) | K6: Note
A7: 46084 | B7: Steel supplier | C7: Reinforcement | D7: 12 | E7: t | F7: DN-1182 | G7: N | H7: A1100 | I7: =IF(H7="","",IFERROR(INDEX('12 P6 activities'!$B$7:$B$206,MATCH(H7,'12 P6 activities'!$A$7:$A$206,0)),"⚠ not in P6 list")) -> Raft reinforcement, bay 1 | J7: =IF(H7="","",IFERROR(INDEX('12 P6 activities'!$C$7:$C$206,MATCH(H7,'12 P6 activities'!$A$7:$A$206,0)),"⚠ not in P6 list")) -> SITE.FND.RAF
A8: 46084 | B8: Aggregates | C8: Blinding stone | D8: 20 | E8: t | F8: DN-0457 | G8: N | H8: A1200 | I8: =IF(H8="","",IFERROR(INDEX('12 P6 activities'!$B$7:$B$206,MATCH(H8,'12 P6 activities'!$A$7:$A$206,0)),"⚠ not in P6 list")) -> Blinding, substation slab | J8: =IF(H8="","",IFERROR(INDEX('12 P6 activities'!$C$7:$C$206,MATCH(H8,'12 P6 activities'!$A$7:$A$206,0)),"⚠ not in P6 list")) -> SITE.SUB.SLB
I9: =IF(H9="","",IFERROR(INDEX('12 P6 activities'!$B$7:$B$206,MATCH(H9,'12 P6 activities'!$A$7:$A$206,0)),"⚠ not in P6 list")) | J9: =IF(H9="","",IFERROR(INDEX('12 P6 activities'!$C$7:$C$206,MATCH(H9,'12 P6 activities'!$A$7:$A$206,0)),"⚠ not in P6 list"))
I10: =IF(H10="","",IFERROR(INDEX('12 P6 activities'!$B$7:$B$206,MATCH(H10,'12 P6 activities'!$A$7:$A$206,0)),"⚠ not in P6 list")) | J10: =IF(H10="","",IFERROR(INDEX('12 P6 activities'!$C$7:$C$206,MATCH(H10,'12 P6 activities'!$A$7:$A$206,0)),"⚠ not in P6 list"))
I11: =IF(H11="","",IFERROR(INDEX('12 P6 activities'!$B$7:$B$206,MATCH(H11,'12 P6 activities'!$A$7:$A$206,0)),"⚠ not in P6 list")) | J11: =IF(H11="","",IFERROR(INDEX('12 P6 activities'!$C$7:$C$206,MATCH(H11,'12 P6 activities'!$A$7:$A$206,0)),"⚠ not in P6 list"))
I12: =IF(H12="","",IFERROR(INDEX('12 P6 activities'!$B$7:$B$206,MATCH(H12,'12 P6 activities'!$A$7:$A$206,0)),"⚠ not in P6 list")) | J12: =IF(H12="","",IFERROR(INDEX('12 P6 activities'!$C$7:$C$206,MATCH(H12,'12 P6 activities'!$A$7:$A$206,0)),"⚠ not in P6 list"))
I13: =IF(H13="","",IFERROR(INDEX('12 P6 activities'!$B$7:$B$206,MATCH(H13,'12 P6 activities'!$A$7:$A$206,0)),"⚠ not in P6 list")) | J13: =IF(H13="","",IFERROR(INDEX('12 P6 activities'!$C$7:$C$206,MATCH(H13,'12 P6 activities'!$A$7:$A$206,0)),"⚠ not in P6 list"))
I14: =IF(H14="","",IFERROR(INDEX('12 P6 activities'!$B$7:$B$206,MATCH(H14,'12 P6 activities'!$A$7:$A$206,0)),"⚠ not in P6 list")) | J14: =IF(H14="","",IFERROR(INDEX('12 P6 activities'!$C$7:$C$206,MATCH(H14,'12 P6 activities'!$A$7:$A$206,0)),"⚠ not in P6 list"))
I15: =IF(H15="","",IFERROR(INDEX('12 P6 activities'!$B$7:$B$206,MATCH(H15,'12 P6 activities'!$A$7:$A$206,0)),"⚠ not in P6 list")) | J15: =IF(H15="","",IFERROR(INDEX('12 P6 activities'!$C$7:$C$206,MATCH(H15,'12 P6 activities'!$A$7:$A$206,0)),"⚠ not in P6 list"))
I16: =IF(H16="","",IFERROR(INDEX('12 P6 activities'!$B$7:$B$206,MATCH(H16,'12 P6 activities'!$A$7:$A$206,0)),"⚠ not in P6 list")) | J16: =IF(H16="","",IFERROR(INDEX('12 P6 activities'!$C$7:$C$206,MATCH(H16,'12 P6 activities'!$A$7:$A$206,0)),"⚠ not in P6 list"))
I17: =IF(H17="","",IFERROR(INDEX('12 P6 activities'!$B$7:$B$206,MATCH(H17,'12 P6 activities'!$A$7:$A$206,0)),"⚠ not in P6 list")) | J17: =IF(H17="","",IFERROR(INDEX('12 P6 activities'!$C$7:$C$206,MATCH(H17,'12 P6 activities'!$A$7:$A$206,0)),"⚠ not in P6 list"))
I18: =IF(H18="","",IFERROR(INDEX('12 P6 activities'!$B$7:$B$206,MATCH(H18,'12 P6 activities'!$A$7:$A$206,0)),"⚠ not in P6 list")) | J18: =IF(H18="","",IFERROR(INDEX('12 P6 activities'!$C$7:$C$206,MATCH(H18,'12 P6 activities'!$A$7:$A$206,0)),"⚠ not in P6 list"))
I19: =IF(H19="","",IFERROR(INDEX('12 P6 activities'!$B$7:$B$206,MATCH(H19,'12 P6 activities'!$A$7:$A$206,0)),"⚠ not in P6 list")) | J19: =IF(H19="","",IFERROR(INDEX('12 P6 activities'!$C$7:$C$206,MATCH(H19,'12 P6 activities'!$A$7:$A$206,0)),"⚠ not in P6 list"))
I20: =IF(H20="","",IFERROR(INDEX('12 P6 activities'!$B$7:$B$206,MATCH(H20,'12 P6 activities'!$A$7:$A$206,0)),"⚠ not in P6 list")) | J20: =IF(H20="","",IFERROR(INDEX('12 P6 activities'!$C$7:$C$206,MATCH(H20,'12 P6 activities'!$A$7:$A$206,0)),"⚠ not in P6 list"))
... I506: =IF(H506="","",IFERROR(INDEX('12 P6 activities'!$B$7:$B$206,MATCH(H506,'12 P6 activities'!$A$7:$A$206,0)),"⚠ not in P6 list")) | J506: =IF(H506="","",IFERROR(INDEX('12 P6 activities'!$C$7:$C$206,MATCH(H506,'12 P6 activities'!$A$7:$A$206,0)),"⚠ not in P6 list"))

Sheet 08 Safety log
A1: Safety log | G1: The Project Control Hub
A2: Incidents, near misses, toolbox talks and inspections, one line each.
A3: Type the facts here, once. Blue cells are inputs; the Daily report builds itself from this log when you pick a date.
A6: Date | B6: Type | C6: What happened | D6: Location | E6: Time | F6: Reported to | G6: Action taken

Sheet 09 Not yet reported
A1: Not yet reported | H1: The Project Control Hub
A2: Fields the day could not close, published as blanks and followed up.
A3: "We will correct it tomorrow" is a promise projects break. A list somebody closes is not.
A6: Report date | B6: Field | C6: Who will supply it | D6: Expected by | E6: Closed on | F6: Closed in revision | G6: Days open | H6: Status
A7: 46084 | B7: Blinding quantity, substation slab | C7: Site engineer | D7: 46085 | E7: 46085 | F7: 1 | G7: =IF(A7="","",IF(E7<>"",E7-A7,MAX('03 Day log'!$A$8:$A$38,'01 Daily report'!$B$5,A7)-A7)) -> 1 | H7: =IF(B7="","",IF(E7<>"","Closed",IF(AND(D7<>"",MAX('03 Day log'!$A$8:$A$38,'01 Daily report'!$B$5)>D7),"Overdue","Open"))) -> Closed
A8: 46084 | B8: Drainage run D2 length (estimated, to be measured) | C8: Foreman | D8: 46085 | G8: =IF(A8="","",IF(E8<>"",E8-A8,MAX('03 Day log'!$A$8:$A$38,'01 Daily report'!$B$5,A8)-A8)) -> 10 | H8: =IF(B8="","",IF(E8<>"","Closed",IF(AND(D8<>"",MAX('03 Day log'!$A$8:$A$38,'01 Daily report'!$B$5)>D8),"Overdue","Open"))) -> Overdue
A9: 46086 | B9: Rainfall total | C9: Site engineer | D9: 46087 | E9: 46087 | F9: 2 | G9: =IF(A9="","",IF(E9<>"",E9-A9,MAX('03 Day log'!$A$8:$A$38,'01 Daily report'!$B$5,A9)-A9)) -> 1 | H9: =IF(B9="","",IF(E9<>"","Closed",IF(AND(D9<>"",MAX('03 Day log'!$A$8:$A$38,'01 Daily report'!$B$5)>D9),"Overdue","Open"))) -> Closed
A10: 46086 | B10: Drainage run D3 length | C10: Foreman | D10: 46087 | G10: =IF(A10="","",IF(E10<>"",E10-A10,MAX('03 Day log'!$A$8:$A$38,'01 Daily report'!$B$5,A10)-A10)) -> 8 | H10: =IF(B10="","",IF(E10<>"","Closed",IF(AND(D10<>"",MAX('03 Day log'!$A$8:$A$38,'01 Daily report'!$B$5)>D10),"Overdue","Open"))) -> Overdue
A11: 46091 | B11: GB3 concrete volume | C11: Site engineer | D11: 46092 | E11: 46092 | F11: 1 | G11: =IF(A11="","",IF(E11<>"",E11-A11,MAX('03 Day log'!$A$8:$A$38,'01 Daily report'!$B$5,A11)-A11)) -> 1 | H11: =IF(B11="","",IF(E11<>"","Closed",IF(AND(D11<>"",MAX('03 Day log'!$A$8:$A$38,'01 Daily report'!$B$5)>D11),"Overdue","Open"))) -> Closed
G12: =IF(A12="","",IF(E12<>"",E12-A12,MAX('03 Day log'!$A$8:$A$38,'01 Daily report'!$B$5,A12)-A12)) | H12: =IF(B12="","",IF(E12<>"","Closed",IF(AND(D12<>"",MAX('03 Day log'!$A$8:$A$38,'01 Daily report'!$B$5)>D12),"Overdue","Open")))
G13: =IF(A13="","",IF(E13<>"",E13-A13,MAX('03 Day log'!$A$8:$A$38,'01 Daily report'!$B$5,A13)-A13)) | H13: =IF(B13="","",IF(E13<>"","Closed",IF(AND(D13<>"",MAX('03 Day log'!$A$8:$A$38,'01 Daily report'!$B$5)>D13),"Overdue","Open")))
G14: =IF(A14="","",IF(E14<>"",E14-A14,MAX('03 Day log'!$A$8:$A$38,'01 Daily report'!$B$5,A14)-A14)) | H14: =IF(B14="","",IF(E14<>"","Closed",IF(AND(D14<>"",MAX('03 Day log'!$A$8:$A$38,'01 Daily report'!$B$5)>D14),"Overdue","Open")))
G15: =IF(A15="","",IF(E15<>"",E15-A15,MAX('03 Day log'!$A$8:$A$38,'01 Daily report'!$B$5,A15)-A15)) | H15: =IF(B15="","",IF(E15<>"","Closed",IF(AND(D15<>"",MAX('03 Day log'!$A$8:$A$38,'01 Daily report'!$B$5)>D15),"Overdue","Open")))
G16: =IF(A16="","",IF(E16<>"",E16-A16,MAX('03 Day log'!$A$8:$A$38,'01 Daily report'!$B$5,A16)-A16)) | H16: =IF(B16="","",IF(E16<>"","Closed",IF(AND(D16<>"",MAX('03 Day log'!$A$8:$A$38,'01 Daily report'!$B$5)>D16),"Overdue","Open")))
G17: =IF(A17="","",IF(E17<>"",E17-A17,MAX('03 Day log'!$A$8:$A$38,'01 Daily report'!$B$5,A17)-A17)) | H17: =IF(B17="","",IF(E17<>"","Closed",IF(AND(D17<>"",MAX('03 Day log'!$A$8:$A$38,'01 Daily report'!$B$5)>D17),"Overdue","Open")))
G18: =IF(A18="","",IF(E18<>"",E18-A18,MAX('03 Day log'!$A$8:$A$38,'01 Daily report'!$B$5,A18)-A18)) | H18: =IF(B18="","",IF(E18<>"","Closed",IF(AND(D18<>"",MAX('03 Day log'!$A$8:$A$38,'01 Daily report'!$B$5)>D18),"Overdue","Open")))
G19: =IF(A19="","",IF(E19<>"",E19-A19,MAX('03 Day log'!$A$8:$A$38,'01 Daily report'!$B$5,A19)-A19)) | H19: =IF(B19="","",IF(E19<>"","Closed",IF(AND(D19<>"",MAX('03 Day log'!$A$8:$A$38,'01 Daily report'!$B$5)>D19),"Overdue","Open")))
G20: =IF(A20="","",IF(E20<>"",E20-A20,MAX('03 Day log'!$A$8:$A$38,'01 Daily report'!$B$5,A20)-A20)) | H20: =IF(B20="","",IF(E20<>"","Closed",IF(AND(D20<>"",MAX('03 Day log'!$A$8:$A$38,'01 Daily report'!$B$5)>D20),"Overdue","Open")))
G21: =IF(A21="","",IF(E21<>"",E21-A21,MAX('03 Day log'!$A$8:$A$38,'01 Daily report'!$B$5,A21)-A21)) | H21: =IF(B21="","",IF(E21<>"","Closed",IF(AND(D21<>"",MAX('03 Day log'!$A$8:$A$38,'01 Daily report'!$B$5)>D21),"Overdue","Open")))
G22: =IF(A22="","",IF(E22<>"",E22-A22,MAX('03 Day log'!$A$8:$A$38,'01 Daily report'!$B$5,A22)-A22)) | H22: =IF(B22="","",IF(E22<>"","Closed",IF(AND(D22<>"",MAX('03 Day log'!$A$8:$A$38,'01 Daily report'!$B$5)>D22),"Overdue","Open")))
G23: =IF(A23="","",IF(E23<>"",E23-A23,MAX('03 Day log'!$A$8:$A$38,'01 Daily report'!$B$5,A23)-A23)) | H23: =IF(B23="","",IF(E23<>"","Closed",IF(AND(D23<>"",MAX('03 Day log'!$A$8:$A$38,'01 Daily report'!$B$5)>D23),"Overdue","Open")))
... G46: =IF(A46="","",IF(E46<>"",E46-A46,MAX('03 Day log'!$A$8:$A$38,'01 Daily report'!$B$5,A46)-A46)) | H46: =IF(B46="","",IF(E46<>"","Closed",IF(AND(D46<>"",MAX('03 Day log'!$A$8:$A$38,'01 Daily report'!$B$5)>D46),"Overdue","Open")))

Sheet 10 Revision log
A1: Revision log | I1: The Project Control Hub
A2: What changed, when, and why. Without it, one day becomes three versions of itself.
A3: One line per correction. The Daily report counts the lines for its date and shows the revision number.
A6: Report date | B6: Report no. | C6: New revision | D6: Field | E6: Old value | F6: New value | G6: Reason | H6: Changed by | I6: Changed on
A7: 46084 | B7: =IF(A7="","",IFERROR(INDEX('03 Day log'!$B$8:$B$38,MATCH(A7,'03 Day log'!$A$8:$A$38,0)),"")) -> 41 | C7: =IF(A7="","",COUNTIF($A$7:A7,A7)) -> 1 | D7: Work done · quantity | E7: Not yet reported | F7: 38 m² | G7: A1200 blinding: survey completed next morning | H7: Site engineer | I7: 46085
A8: 46086 | B8: =IF(A8="","",IFERROR(INDEX('03 Day log'!$B$8:$B$38,MATCH(A8,'03 Day log'!$A$8:$A$38,0)),"")) -> 43 | C8: =IF(A8="","",COUNTIF($A$7:A8,A8)) -> 1 | D8: Labour · headcount | E8: 6 | F8: 4 | G8: Groundworks: two left at 10:00 when the rain set in | H8: Site manager | I8: 46087
A9: 46086 | B9: =IF(A9="","",IFERROR(INDEX('03 Day log'!$B$8:$B$38,MATCH(A9,'03 Day log'!$A$8:$A$38,0)),"")) -> 43 | C9: =IF(A9="","",COUNTIF($A$7:A9,A9)) -> 2 | D9: Weather · rainfall | E9: Not yet reported | F9: 31 mm | G9: Gauge read next morning | H9: Site engineer | I9: 46087
A10: 46091 | B10: =IF(A10="","",IFERROR(INDEX('03 Day log'!$B$8:$B$38,MATCH(A10,'03 Day log'!$A$8:$A$38,0)),"")) -> 46 | C10: =IF(A10="","",COUNTIF($A$7:A10,A10)) -> 1 | D10: Work done · quantity | E10: Not yet reported | F10: 14.5 m³ | G10: GB3 concrete volume: delivery tickets reconciled | H10: Site engineer | I10: 46092
B11: =IF(A11="","",IFERROR(INDEX('03 Day log'!$B$8:$B$38,MATCH(A11,'03 Day log'!$A$8:$A$38,0)),"")) | C11: =IF(A11="","",COUNTIF($A$7:A11,A11))
B12: =IF(A12="","",IFERROR(INDEX('03 Day log'!$B$8:$B$38,MATCH(A12,'03 Day log'!$A$8:$A$38,0)),"")) | C12: =IF(A12="","",COUNTIF($A$7:A12,A12))
B13: =IF(A13="","",IFERROR(INDEX('03 Day log'!$B$8:$B$38,MATCH(A13,'03 Day log'!$A$8:$A$38,0)),"")) | C13: =IF(A13="","",COUNTIF($A$7:A13,A13))
B14: =IF(A14="","",IFERROR(INDEX('03 Day log'!$B$8:$B$38,MATCH(A14,'03 Day log'!$A$8:$A$38,0)),"")) | C14: =IF(A14="","",COUNTIF($A$7:A14,A14))
B15: =IF(A15="","",IFERROR(INDEX('03 Day log'!$B$8:$B$38,MATCH(A15,'03 Day log'!$A$8:$A$38,0)),"")) | C15: =IF(A15="","",COUNTIF($A$7:A15,A15))
B16: =IF(A16="","",IFERROR(INDEX('03 Day log'!$B$8:$B$38,MATCH(A16,'03 Day log'!$A$8:$A$38,0)),"")) | C16: =IF(A16="","",COUNTIF($A$7:A16,A16))
B17: =IF(A17="","",IFERROR(INDEX('03 Day log'!$B$8:$B$38,MATCH(A17,'03 Day log'!$A$8:$A$38,0)),"")) | C17: =IF(A17="","",COUNTIF($A$7:A17,A17))
B18: =IF(A18="","",IFERROR(INDEX('03 Day log'!$B$8:$B$38,MATCH(A18,'03 Day log'!$A$8:$A$38,0)),"")) | C18: =IF(A18="","",COUNTIF($A$7:A18,A18))
B19: =IF(A19="","",IFERROR(INDEX('03 Day log'!$B$8:$B$38,MATCH(A19,'03 Day log'!$A$8:$A$38,0)),"")) | C19: =IF(A19="","",COUNTIF($A$7:A19,A19))
B20: =IF(A20="","",IFERROR(INDEX('03 Day log'!$B$8:$B$38,MATCH(A20,'03 Day log'!$A$8:$A$38,0)),"")) | C20: =IF(A20="","",COUNTIF($A$7:A20,A20))
B21: =IF(A21="","",IFERROR(INDEX('03 Day log'!$B$8:$B$38,MATCH(A21,'03 Day log'!$A$8:$A$38,0)),"")) | C21: =IF(A21="","",COUNTIF($A$7:A21,A21))
B22: =IF(A22="","",IFERROR(INDEX('03 Day log'!$B$8:$B$38,MATCH(A22,'03 Day log'!$A$8:$A$38,0)),"")) | C22: =IF(A22="","",COUNTIF($A$7:A22,A22))
... B56: =IF(A56="","",IFERROR(INDEX('03 Day log'!$B$8:$B$38,MATCH(A56,'03 Day log'!$A$8:$A$38,0)),"")) | C56: =IF(A56="","",COUNTIF($A$7:A56,A56))

Sheet 11 Notice calendar
A1: Notice calendar | K1: The Project Control Hub
A2: Every event that could become a claim, with the date its notice is due.
A3: The contract clock starts on the day of the event, not on the day somebody remembers it.
A6: Event date | B6: Report no. | C6: Event | D6: Notice due by | E6: Notice sent on | F6: Days left | G6: Status | H6: Who sends it | I6: P6 Activity ID | J6: Activity (from P6) | K6: WBS (from P6)
A7: 46084 | B7: 41 | C7: Piling rig: rock at P17 and P18 (penetration rate changed) | D7: =IF(A7="","",A7+'14 Setup'!$B$10) -> 46112 | F7: =IF(OR(A7="",E7<>""),"",D7-MAX('03 Day log'!$A$8:$A$38,'01 Daily report'!$B$5)) -> 18 | G7: =IF(A7="","",IF(E7<>"","Sent",IF(MAX('03 Day log'!$A$8:$A$38,'01 Daily report'!$B$5)>D7,"Overdue","Open"))) -> Open | H7: Project manager | I7: A1000 | J7: =IF(I7="","",IFERROR(INDEX('12 P6 activities'!$B$7:$B$206,MATCH(I7,'12 P6 activities'!$A$7:$A$206,0)),"⚠ not in P6 list")) -> Bored piles, north | K7: =IF(I7="","",IFERROR(INDEX('12 P6 activities'!$C$7:$C$206,MATCH(I7,'12 P6 activities'!$A$7:$A$206,0)),"⚠ not in P6 list")) -> SITE.FND.PIL
A8: 46084 | B8: 41 | C8: Resident engineer: "noted, discuss Thursday"; no Notice served | D8: =IF(A8="","",A8+'14 Setup'!$B$10) -> 46112 | F8: =IF(OR(A8="",E8<>""),"",D8-MAX('03 Day log'!$A$8:$A$38,'01 Daily report'!$B$5)) -> 18 | G8: =IF(A8="","",IF(E8<>"","Sent",IF(MAX('03 Day log'!$A$8:$A$38,'01 Daily report'!$B$5)>D8,"Overdue","Open"))) -> Open | H8: Project manager | I8: A1000 | J8: =IF(I8="","",IFERROR(INDEX('12 P6 activities'!$B$7:$B$206,MATCH(I8,'12 P6 activities'!$A$7:$A$206,0)),"⚠ not in P6 list")) -> Bored piles, north | K8: =IF(I8="","",IFERROR(INDEX('12 P6 activities'!$C$7:$C$206,MATCH(I8,'12 P6 activities'!$A$7:$A$206,0)),"⚠ not in P6 list")) -> SITE.FND.PIL
D9: =IF(A9="","",A9+'14 Setup'!$B$10) | F9: =IF(OR(A9="",E9<>""),"",D9-MAX('03 Day log'!$A$8:$A$38,'01 Daily report'!$B$5)) | G9: =IF(A9="","",IF(E9<>"","Sent",IF(MAX('03 Day log'!$A$8:$A$38,'01 Daily report'!$B$5)>D9,"Overdue","Open"))) | J9: =IF(I9="","",IFERROR(INDEX('12 P6 activities'!$B$7:$B$206,MATCH(I9,'12 P6 activities'!$A$7:$A$206,0)),"⚠ not in P6 list")) | K9: =IF(I9="","",IFERROR(INDEX('12 P6 activities'!$C$7:$C$206,MATCH(I9,'12 P6 activities'!$A$7:$A$206,0)),"⚠ not in P6 list"))
D10: =IF(A10="","",A10+'14 Setup'!$B$10) | F10: =IF(OR(A10="",E10<>""),"",D10-MAX('03 Day log'!$A$8:$A$38,'01 Daily report'!$B$5)) | G10: =IF(A10="","",IF(E10<>"","Sent",IF(MAX('03 Day log'!$A$8:$A$38,'01 Daily report'!$B$5)>D10,"Overdue","Open"))) | J10: =IF(I10="","",IFERROR(INDEX('12 P6 activities'!$B$7:$B$206,MATCH(I10,'12 P6 activities'!$A$7:$A$206,0)),"⚠ not in P6 list")) | K10: =IF(I10="","",IFERROR(INDEX('12 P6 activities'!$C$7:$C$206,MATCH(I10,'12 P6 activities'!$A$7:$A$206,0)),"⚠ not in P6 list"))
D11: =IF(A11="","",A11+'14 Setup'!$B$10) | F11: =IF(OR(A11="",E11<>""),"",D11-MAX('03 Day log'!$A$8:$A$38,'01 Daily report'!$B$5)) | G11: =IF(A11="","",IF(E11<>"","Sent",IF(MAX('03 Day log'!$A$8:$A$38,'01 Daily report'!$B$5)>D11,"Overdue","Open"))) | J11: =IF(I11="","",IFERROR(INDEX('12 P6 activities'!$B$7:$B$206,MATCH(I11,'12 P6 activities'!$A$7:$A$206,0)),"⚠ not in P6 list")) | K11: =IF(I11="","",IFERROR(INDEX('12 P6 activities'!$C$7:$C$206,MATCH(I11,'12 P6 activities'!$A$7:$A$206,0)),"⚠ not in P6 list"))
D12: =IF(A12="","",A12+'14 Setup'!$B$10) | F12: =IF(OR(A12="",E12<>""),"",D12-MAX('03 Day log'!$A$8:$A$38,'01 Daily report'!$B$5)) | G12: =IF(A12="","",IF(E12<>"","Sent",IF(MAX('03 Day log'!$A$8:$A$38,'01 Daily report'!$B$5)>D12,"Overdue","Open"))) | J12: =IF(I12="","",IFERROR(INDEX('12 P6 activities'!$B$7:$B$206,MATCH(I12,'12 P6 activities'!$A$7:$A$206,0)),"⚠ not in P6 list")) | K12: =IF(I12="","",IFERROR(INDEX('12 P6 activities'!$C$7:$C$206,MATCH(I12,'12 P6 activities'!$A$7:$A$206,0)),"⚠ not in P6 list"))
D13: =IF(A13="","",A13+'14 Setup'!$B$10) | F13: =IF(OR(A13="",E13<>""),"",D13-MAX('03 Day log'!$A$8:$A$38,'01 Daily report'!$B$5)) | G13: =IF(A13="","",IF(E13<>"","Sent",IF(MAX('03 Day log'!$A$8:$A$38,'01 Daily report'!$B$5)>D13,"Overdue","Open"))) | J13: =IF(I13="","",IFERROR(INDEX('12 P6 activities'!$B$7:$B$206,MATCH(I13,'12 P6 activities'!$A$7:$A$206,0)),"⚠ not in P6 list")) | K13: =IF(I13="","",IFERROR(INDEX('12 P6 activities'!$C$7:$C$206,MATCH(I13,'12 P6 activities'!$A$7:$A$206,0)),"⚠ not in P6 list"))
D14: =IF(A14="","",A14+'14 Setup'!$B$10) | F14: =IF(OR(A14="",E14<>""),"",D14-MAX('03 Day log'!$A$8:$A$38,'01 Daily report'!$B$5)) | G14: =IF(A14="","",IF(E14<>"","Sent",IF(MAX('03 Day log'!$A$8:$A$38,'01 Daily report'!$B$5)>D14,"Overdue","Open"))) | J14: =IF(I14="","",IFERROR(INDEX('12 P6 activities'!$B$7:$B$206,MATCH(I14,'12 P6 activities'!$A$7:$A$206,0)),"⚠ not in P6 list")) | K14: =IF(I14="","",IFERROR(INDEX('12 P6 activities'!$C$7:$C$206,MATCH(I14,'12 P6 activities'!$A$7:$A$206,0)),"⚠ not in P6 list"))
D15: =IF(A15="","",A15+'14 Setup'!$B$10) | F15: =IF(OR(A15="",E15<>""),"",D15-MAX('03 Day log'!$A$8:$A$38,'01 Daily report'!$B$5)) | G15: =IF(A15="","",IF(E15<>"","Sent",IF(MAX('03 Day log'!$A$8:$A$38,'01 Daily report'!$B$5)>D15,"Overdue","Open"))) | J15: =IF(I15="","",IFERROR(INDEX('12 P6 activities'!$B$7:$B$206,MATCH(I15,'12 P6 activities'!$A$7:$A$206,0)),"⚠ not in P6 list")) | K15: =IF(I15="","",IFERROR(INDEX('12 P6 activities'!$C$7:$C$206,MATCH(I15,'12 P6 activities'!$A$7:$A$206,0)),"⚠ not in P6 list"))
D16: =IF(A16="","",A16+'14 Setup'!$B$10) | F16: =IF(OR(A16="",E16<>""),"",D16-MAX('03 Day log'!$A$8:$A$38,'01 Daily report'!$B$5)) | G16: =IF(A16="","",IF(E16<>"","Sent",IF(MAX('03 Day log'!$A$8:$A$38,'01 Daily report'!$B$5)>D16,"Overdue","Open"))) | J16: =IF(I16="","",IFERROR(INDEX('12 P6 activities'!$B$7:$B$206,MATCH(I16,'12 P6 activities'!$A$7:$A$206,0)),"⚠ not in P6 list")) | K16: =IF(I16="","",IFERROR(INDEX('12 P6 activities'!$C$7:$C$206,MATCH(I16,'12 P6 activities'!$A$7:$A$206,0)),"⚠ not in P6 list"))
D17: =IF(A17="","",A17+'14 Setup'!$B$10) | F17: =IF(OR(A17="",E17<>""),"",D17-MAX('03 Day log'!$A$8:$A$38,'01 Daily report'!$B$5)) | G17: =IF(A17="","",IF(E17<>"","Sent",IF(MAX('03 Day log'!$A$8:$A$38,'01 Daily report'!$B$5)>D17,"Overdue","Open"))) | J17: =IF(I17="","",IFERROR(INDEX('12 P6 activities'!$B$7:$B$206,MATCH(I17,'12 P6 activities'!$A$7:$A$206,0)),"⚠ not in P6 list")) | K17: =IF(I17="","",IFERROR(INDEX('12 P6 activities'!$C$7:$C$206,MATCH(I17,'12 P6 activities'!$A$7:$A$206,0)),"⚠ not in P6 list"))
D18: =IF(A18="","",A18+'14 Setup'!$B$10) | F18: =IF(OR(A18="",E18<>""),"",D18-MAX('03 Day log'!$A$8:$A$38,'01 Daily report'!$B$5)) | G18: =IF(A18="","",IF(E18<>"","Sent",IF(MAX('03 Day log'!$A$8:$A$38,'01 Daily report'!$B$5)>D18,"Overdue","Open"))) | J18: =IF(I18="","",IFERROR(INDEX('12 P6 activities'!$B$7:$B$206,MATCH(I18,'12 P6 activities'!$A$7:$A$206,0)),"⚠ not in P6 list")) | K18: =IF(I18="","",IFERROR(INDEX('12 P6 activities'!$C$7:$C$206,MATCH(I18,'12 P6 activities'!$A$7:$A$206,0)),"⚠ not in P6 list"))
D19: =IF(A19="","",A19+'14 Setup'!$B$10) | F19: =IF(OR(A19="",E19<>""),"",D19-MAX('03 Day log'!$A$8:$A$38,'01 Daily report'!$B$5)) | G19: =IF(A19="","",IF(E19<>"","Sent",IF(MAX('03 Day log'!$A$8:$A$38,'01 Daily report'!$B$5)>D19,"Overdue","Open"))) | J19: =IF(I19="","",IFERROR(INDEX('12 P6 activities'!$B$7:$B$206,MATCH(I19,'12 P6 activities'!$A$7:$A$206,0)),"⚠ not in P6 list")) | K19: =IF(I19="","",IFERROR(INDEX('12 P6 activities'!$C$7:$C$206,MATCH(I19,'12 P6 activities'!$A$7:$A$206,0)),"⚠ not in P6 list"))
D20: =IF(A20="","",A20+'14 Setup'!$B$10) | F20: =IF(OR(A20="",E20<>""),"",D20-MAX('03 Day log'!$A$8:$A$38,'01 Daily report'!$B$5)) | G20: =IF(A20="","",IF(E20<>"","Sent",IF(MAX('03 Day log'!$A$8:$A$38,'01 Daily report'!$B$5)>D20,"Overdue","Open"))) | J20: =IF(I20="","",IFERROR(INDEX('12 P6 activities'!$B$7:$B$206,MATCH(I20,'12 P6 activities'!$A$7:$A$206,0)),"⚠ not in P6 list")) | K20: =IF(I20="","",IFERROR(INDEX('12 P6 activities'!$C$7:$C$206,MATCH(I20,'12 P6 activities'!$A$7:$A$206,0)),"⚠ not in P6 list"))
... D46: =IF(A46="","",A46+'14 Setup'!$B$10) | F46: =IF(OR(A46="",E46<>""),"",D46-MAX('03 Day log'!$A$8:$A$38,'01 Daily report'!$B$5)) | G46: =IF(A46="","",IF(E46<>"","Sent",IF(MAX('03 Day log'!$A$8:$A$38,'01 Daily report'!$B$5)>D46,"Overdue","Open"))) | J46: =IF(I46="","",IFERROR(INDEX('12 P6 activities'!$B$7:$B$206,MATCH(I46,'12 P6 activities'!$A$7:$A$206,0)),"⚠ not in P6 list")) | K46: =IF(I46="","",IFERROR(INDEX('12 P6 activities'!$C$7:$C$206,MATCH(I46,'12 P6 activities'!$A$7:$A$206,0)),"⚠ not in P6 list"))

Sheet 12 P6 activities
A1: P6 activities | P1: The Project Control Hub
A2: The activity IDs the report books work against, from the Primavera P6 programme.
A3: Paste a fresh P6 export (Activity ID, Activity Name, WBS, budgeted quantity, budgeted man-hours) here when the programme is re-baselined. Grey columns calculate themselves from every daily report.
A6: Activity ID | B6: Activity name | C6: WBS | D6: Location | E6: Unit | F6: Budgeted quantity (P6) | G6: Budgeted man-hours (P6) | H6: Quantity to date | I6: Quantity % complete | J6: Remaining quantity | K6: Actual man-hours to date | L6: Man-hours % spent | M6: Earned man-hours | N6: Productivity (earned ÷ actual) | O6: Last reported | P6: Notes
A7: A1000 | B7: Bored piles, north | C7: SITE.FND.PIL | D7: North piling area | E7: no. | F7: 40 | G7: 1000 | H7: =IF($A7="","",SUMIFS('05 Work done log'!$F$7:$F$506,'05 Work done log'!$B$7:$B$506,$A7)) -> 2 | I7: =IF(OR($A7="",N($F7)=0),"",$H7/$F7) -> 0.05 | J7: =IF(OR($A7="",N($F7)=0),"",$F7-$H7) -> 38 | K7: =IF($A7="","",SUMIFS('04 Resource log'!$J$7:$J$506,'04 Resource log'!$B$7:$B$506,$A7,'04 Resource log'!$E$7:$E$506,"Labour")) -> 54 | L7: =IF(OR($A7="",N($G7)=0),"",$K7/$G7) -> 0.054 | M7: =IF(OR($A7="",N($F7)=0,N($G7)=0),"",$I7*$G7) -> 50 | N7: =IF(OR($M7="",N($K7)=0),"",$M7/$K7) -> 0.92592593 | O7: =IF($A7="","",IFERROR(1/(1/_xlfn.MAXIFS('05 Work done log'!$A$7:$A$506,'05 Work done log'!$B$7:$B$506,$A7)),"not yet")) -> 46084
A8: A1010 | B8: Bored piles, south | C8: SITE.FND.PIL | D8: South piling area | E8: no. | F8: 40 | G8: 1000 | H8: =IF($A8="","",SUMIFS('05 Work done log'!$F$7:$F$506,'05 Work done log'!$B$7:$B$506,$A8)) -> 0 | I8: =IF(OR($A8="",N($F8)=0),"",$H8/$F8) -> 0 | J8: =IF(OR($A8="",N($F8)=0),"",$F8-$H8) -> 40 | K8: =IF($A8="","",SUMIFS('04 Resource log'!$J$7:$J$506,'04 Resource log'!$B$7:$B$506,$A8,'04 Resource log'!$E$7:$E$506,"Labour")) -> 0 | L8: =IF(OR($A8="",N($G8)=0),"",$K8/$G8) -> 0 | M8: =IF(OR($A8="",N($F8)=0,N($G8)=0),"",$I8*$G8) -> 0 | N8: =IF(OR($M8="",N($K8)=0),"",$M8/$K8) | O8: =IF($A8="","",IFERROR(1/(1/_xlfn.MAXIFS('05 Work done log'!$A$7:$A$506,'05 Work done log'!$B$7:$B$506,$A8)),"not yet")) -> not yet
A9: A1100 | B9: Raft reinforcement, bay 1 | C9: SITE.FND.RAF | D9: Raft bay 1 | E9: t | F9: 60 | G9: 900 | H9: =IF($A9="","",SUMIFS('05 Work done log'!$F$7:$F$506,'05 Work done log'!$B$7:$B$506,$A9)) -> 3.5 | I9: =IF(OR($A9="",N($F9)=0),"",$H9/$F9) -> 0.058333333 | J9: =IF(OR($A9="",N($F9)=0),"",$F9-$H9) -> 56.5 | K9: =IF($A9="","",SUMIFS('04 Resource log'!$J$7:$J$506,'04 Resource log'!$B$7:$B$506,$A9,'04 Resource log'!$E$7:$E$506,"Labour")) -> 72 | L9: =IF(OR($A9="",N($G9)=0),"",$K9/$G9) -> 0.08 | M9: =IF(OR($A9="",N($F9)=0,N($G9)=0),"",$I9*$G9) -> 52.5 | N9: =IF(OR($M9="",N($K9)=0),"",$M9/$K9) -> 0.72916667 | O9: =IF($A9="","",IFERROR(1/(1/_xlfn.MAXIFS('05 Work done log'!$A$7:$A$506,'05 Work done log'!$B$7:$B$506,$A9)),"not yet")) -> 46084
