Workbook

Sheet Start
B2: Weekly progress report
B3: A report that records the week, and a look-ahead that only holds work which is actually ready.
B4: The Project Control Hub · free template
B7: YOUR FRIDAY, IN SIX STEPS
B8: 1 | C8: Setup → | D8: Change the week number and the week ending date. | E8: 1 minute
B9: 2 | C9: Progress → | D9: For each activity: actual %, remaining days and float from the updated schedule. Ask how many days are still needed, not how far along it is. | E9: 15 minutes
B10: 3 | C10: Look-ahead → | D10: Construction lists the next two weeks. Mark the six tests Y or N. Anything not Ready moves to Constraints. | E10: 15 minutes
B11: 4 | C11: Constraints → | D11: One row per failing test, with an owner and the date it is needed by. | E11: 5 minutes
B12: 5 | C12: Actions → | D12: From the meeting: a person, a date, what done looks like. Close old ones with evidence. | E12: 5 minutes
B13: 6 | C13: Dashboard → | D13: Write three lines: what changed, what is at risk, what decision is needed. Then copy this week’s numbers into History. | E13: 5 minutes
C14: Then read it in the meeting in this order: look-ahead first, while there is still time to clear a constraint; last week second, and only what changes something.
B16: HOW TO READ THE CELLS
C17: Yellow, blue text | D17: Yours to fill in.
C18: White, black text | D18: A formula. Leave it alone and it keeps working.
C19: Green | D19: Ready, on track, closed.
C20: Amber | D20: Watch it: slipping, not ready, still open.
C21: Red | D21: Late, overdue, or negative float. This is what the meeting is for.
B23: WHAT IS IN THIS FILE
C24: Dashboard | D24: One page: six numbers, four charts, the three lines, and what needs attention.
C25: Setup | D25: The week, the date, and the team list for the drop-downs.
C26: Progress | D26: Every activity: planned and actual %, remaining days, float, status and trend.
C27: S-curve | D27: Cumulative planned against actual, week by week.
C28: Float trend | D28: Float on the activities that matter, so the slope shows before the crisis does.
C29: Look-ahead | D29: The next two weeks against the six readiness tests.
C30: Constraints | D30: Blocked work, with an owner and a date, until it is closed.
C31: Actions | D31: Actions from the meeting, with overdue days counted for you.
C32: History | D32: One row a week, for the trend charts.
B34: EXPLAINED IN
C35: Reporting Topic 18 · The weekly report and the look-ahead
C36: Reporting Topic 9 · Ready means six different things
C37: Schedule Topic 16 · Schedule maintenance
C38: Reporting Topic 23 · Minutes, actions and closure
B40: Blank: every sheet ready to fill. The example file shows week 11 of the example project.
B43: Free to use and adapt on your own projects. https://theprojectcontrolhub.com/

Sheet Dashboard
B2: Weekly progress report | K2: The Project Control Hub
B3: =IF(Setup!B6="","Fill in the Setup sheet first",Setup!B6&" · Week "&Setup!B7&" · week ending "&TEXT(Setup!B8,"d mmm yyyy")&" · "&Setup!B9)
B5: PROGRESS · ACTUAL | D5: ACTIVITIES LATE | F5: LOOK-AHEAD READY | H5: REPEATS FROM LAST WEEK | J5: OPEN CONSTRAINTS | L5: ACTIONS OVERDUE
B6: =Progress!J38 | D6: =COUNTIF(Progress!R7:R36,"Late") | F6: ='Look-ahead'!U8 | H6: ='Look-ahead'!U11 | J6: =COUNTIF(Constraints!J7:J46,"Open")+COUNTIF(Constraints!J7:J46,"Overdue") | L6: =COUNTIF(Actions!H7:H46,">0")
B8: =IF(Progress!I38="","",("planned "&TEXT(Progress!I38,"0%")&" · "&TEXT(Progress!K38,"+0;-0;0")&" pts")) | D8: ="negative float · "&COUNTIF(Progress!R7:R36,"Watch")&" to watch" | F8: =IF('Look-ahead'!U7=0,"","of "&'Look-ahead'!U7&" items · "&TEXT('Look-ahead'!U9,"0%")) | H8: =IF('Look-ahead'!U11="","",IF('Look-ahead'!U11>0.5,"mostly repeats: a list, not a plan","mostly new work: a plan")) | J8: =COUNTIF(Constraints!J7:J46,"Overdue")&" overdue" | L8: ="of "&COUNTIFS(Actions!C7:C46,"<>",Actions!G7:G46,"Open")&" open actions"
B11: THIS WEEK IN THREE LINES | F11: Exceptions only: what changed, what is now at risk, what decision is needed.
B12: What changed
B13: What is now at risk
B14: Decision needed
B16: PROGRESS AND FLOAT
B34: READINESS AND TREND
B52: NEEDS ATTENTION · late and watch activities, from Progress
B53: Activity | E53: Status | F53: Float | G53: Change | H53: Slip (days) | I53: Comment
B54: =IFERROR(INDEX(Progress!$B$7:$B$36,MATCH(1,Progress!$U$7:$U$36,0)),"") | E54: =IFERROR(INDEX(Progress!$R$7:$R$36,MATCH(1,Progress!$U$7:$U$36,0)),"") | F54: =IFERROR(INDEX(Progress!$P$7:$P$36,MATCH(1,Progress!$U$7:$U$36,0)),"") | G54: =IFERROR(INDEX(Progress!$Q$7:$Q$36,MATCH(1,Progress!$U$7:$U$36,0)),"") | H54: =IFERROR(INDEX(Progress!$H$7:$H$36,MATCH(1,Progress!$U$7:$U$36,0)),"") | I54: =IFERROR(INDEX(Progress!$T$7:$T$36,MATCH(1,Progress!$U$7:$U$36,0))&"","")
B55: =IFERROR(INDEX(Progress!$B$7:$B$36,MATCH(2,Progress!$U$7:$U$36,0)),"") | E55: =IFERROR(INDEX(Progress!$R$7:$R$36,MATCH(2,Progress!$U$7:$U$36,0)),"") | F55: =IFERROR(INDEX(Progress!$P$7:$P$36,MATCH(2,Progress!$U$7:$U$36,0)),"") | G55: =IFERROR(INDEX(Progress!$Q$7:$Q$36,MATCH(2,Progress!$U$7:$U$36,0)),"") | H55: =IFERROR(INDEX(Progress!$H$7:$H$36,MATCH(2,Progress!$U$7:$U$36,0)),"") | I55: =IFERROR(INDEX(Progress!$T$7:$T$36,MATCH(2,Progress!$U$7:$U$36,0))&"","")
B56: =IFERROR(INDEX(Progress!$B$7:$B$36,MATCH(3,Progress!$U$7:$U$36,0)),"") | E56: =IFERROR(INDEX(Progress!$R$7:$R$36,MATCH(3,Progress!$U$7:$U$36,0)),"") | F56: =IFERROR(INDEX(Progress!$P$7:$P$36,MATCH(3,Progress!$U$7:$U$36,0)),"") | G56: =IFERROR(INDEX(Progress!$Q$7:$Q$36,MATCH(3,Progress!$U$7:$U$36,0)),"") | H56: =IFERROR(INDEX(Progress!$H$7:$H$36,MATCH(3,Progress!$U$7:$U$36,0)),"") | I56: =IFERROR(INDEX(Progress!$T$7:$T$36,MATCH(3,Progress!$U$7:$U$36,0))&"","")
B57: =IFERROR(INDEX(Progress!$B$7:$B$36,MATCH(4,Progress!$U$7:$U$36,0)),"") | E57: =IFERROR(INDEX(Progress!$R$7:$R$36,MATCH(4,Progress!$U$7:$U$36,0)),"") | F57: =IFERROR(INDEX(Progress!$P$7:$P$36,MATCH(4,Progress!$U$7:$U$36,0)),"") | G57: =IFERROR(INDEX(Progress!$Q$7:$Q$36,MATCH(4,Progress!$U$7:$U$36,0)),"") | H57: =IFERROR(INDEX(Progress!$H$7:$H$36,MATCH(4,Progress!$U$7:$U$36,0)),"") | I57: =IFERROR(INDEX(Progress!$T$7:$T$36,MATCH(4,Progress!$U$7:$U$36,0))&"","")
B58: =IFERROR(INDEX(Progress!$B$7:$B$36,MATCH(5,Progress!$U$7:$U$36,0)),"") | E58: =IFERROR(INDEX(Progress!$R$7:$R$36,MATCH(5,Progress!$U$7:$U$36,0)),"") | F58: =IFERROR(INDEX(Progress!$P$7:$P$36,MATCH(5,Progress!$U$7:$U$36,0)),"") | G58: =IFERROR(INDEX(Progress!$Q$7:$Q$36,MATCH(5,Progress!$U$7:$U$36,0)),"") | H58: =IFERROR(INDEX(Progress!$H$7:$H$36,MATCH(5,Progress!$U$7:$U$36,0)),"") | I58: =IFERROR(INDEX(Progress!$T$7:$T$36,MATCH(5,Progress!$U$7:$U$36,0))&"","")
B59: =IFERROR(INDEX(Progress!$B$7:$B$36,MATCH(6,Progress!$U$7:$U$36,0)),"") | E59: =IFERROR(INDEX(Progress!$R$7:$R$36,MATCH(6,Progress!$U$7:$U$36,0)),"") | F59: =IFERROR(INDEX(Progress!$P$7:$P$36,MATCH(6,Progress!$U$7:$U$36,0)),"") | G59: =IFERROR(INDEX(Progress!$Q$7:$Q$36,MATCH(6,Progress!$U$7:$U$36,0)),"") | H59: =IFERROR(INDEX(Progress!$H$7:$H$36,MATCH(6,Progress!$U$7:$U$36,0)),"") | I59: =IFERROR(INDEX(Progress!$T$7:$T$36,MATCH(6,Progress!$U$7:$U$36,0))&"","")
B60: =IFERROR(INDEX(Progress!$B$7:$B$36,MATCH(7,Progress!$U$7:$U$36,0)),"") | E60: =IFERROR(INDEX(Progress!$R$7:$R$36,MATCH(7,Progress!$U$7:$U$36,0)),"") | F60: =IFERROR(INDEX(Progress!$P$7:$P$36,MATCH(7,Progress!$U$7:$U$36,0)),"") | G60: =IFERROR(INDEX(Progress!$Q$7:$Q$36,MATCH(7,Progress!$U$7:$U$36,0)),"") | H60: =IFERROR(INDEX(Progress!$H$7:$H$36,MATCH(7,Progress!$U$7:$U$36,0)),"") | I60: =IFERROR(INDEX(Progress!$T$7:$T$36,MATCH(7,Progress!$U$7:$U$36,0))&"","")
B61: =IFERROR(INDEX(Progress!$B$7:$B$36,MATCH(8,Progress!$U$7:$U$36,0)),"") | E61: =IFERROR(INDEX(Progress!$R$7:$R$36,MATCH(8,Progress!$U$7:$U$36,0)),"") | F61: =IFERROR(INDEX(Progress!$P$7:$P$36,MATCH(8,Progress!$U$7:$U$36,0)),"") | G61: =IFERROR(INDEX(Progress!$Q$7:$Q$36,MATCH(8,Progress!$U$7:$U$36,0)),"") | H61: =IFERROR(INDEX(Progress!$H$7:$H$36,MATCH(8,Progress!$U$7:$U$36,0)),"") | I61: =IFERROR(INDEX(Progress!$T$7:$T$36,MATCH(8,Progress!$U$7:$U$36,0))&"","")
B62: =IFERROR(INDEX(Progress!$B$7:$B$36,MATCH(9,Progress!$U$7:$U$36,0)),"") | E62: =IFERROR(INDEX(Progress!$R$7:$R$36,MATCH(9,Progress!$U$7:$U$36,0)),"") | F62: =IFERROR(INDEX(Progress!$P$7:$P$36,MATCH(9,Progress!$U$7:$U$36,0)),"") | G62: =IFERROR(INDEX(Progress!$Q$7:$Q$36,MATCH(9,Progress!$U$7:$U$36,0)),"") | H62: =IFERROR(INDEX(Progress!$H$7:$H$36,MATCH(9,Progress!$U$7:$U$36,0)),"") | I62: =IFERROR(INDEX(Progress!$T$7:$T$36,MATCH(9,Progress!$U$7:$U$36,0))&"","")
B63: =IFERROR(INDEX(Progress!$B$7:$B$36,MATCH(10,Progress!$U$7:$U$36,0)),"") | E63: =IFERROR(INDEX(Progress!$R$7:$R$36,MATCH(10,Progress!$U$7:$U$36,0)),"") | F63: =IFERROR(INDEX(Progress!$P$7:$P$36,MATCH(10,Progress!$U$7:$U$36,0)),"") | G63: =IFERROR(INDEX(Progress!$Q$7:$Q$36,MATCH(10,Progress!$U$7:$U$36,0)),"") | H63: =IFERROR(INDEX(Progress!$H$7:$H$36,MATCH(10,Progress!$U$7:$U$36,0)),"") | I63: =IFERROR(INDEX(Progress!$T$7:$T$36,MATCH(10,Progress!$U$7:$U$36,0))&"","")
B65: Charts and tiles read from the other sheets. Write the three lines above; everything else updates by itself.

Sheet Setup
A1: Setup | D1: The Project Control Hub
A2: The week you are reporting, and the lists the other sheets use.
A3: Change the week number and the week ending date every Friday. Everything else reads from here.
A6: Project
A7: Week number
A8: Week ending
A9: Prepared by
A10: As at (for overdue counts) | B10: =IF(B8="","",B8) | D10: Defaults to the week ending date. Type a date to override.
A11: Week 1 ended on | D11: Used to date the S-curve and History rows.
A14: Team (used by the Owner drop-downs) | D14: Areas (for your own sorting)
A15: One name per row

Sheet Progress
A1: Progress | U1: The Project Control Hub
A2: Every activity in the report: planned against actual, remaining days and float, this week against last.
A3: Ask "how many days do you still need?", not "how far along are you?". Take float from the updated schedule.
A6: ID | B6: Activity | C6: Area | D6: Owner | E6: Weight (%) | F6: Baseline finish | G6: Forecast finish | H6: Slip (days) | I6: Planned % to date | J6: Actual % to date | K6: Variance (pts) | L6: Remaining days, last week | M6: Remaining days, this week | N6: Change (days) | O6: Float last week | P6: Float this week | Q6: Float change | R6: Status | S6: Trend | T6: Comment | U6: #
H7: =IF(OR(F7="",G7=""),"",G7-F7) | K7: =IF(OR(B7="",I7="",J7=""),"",(J7-I7)*100) | N7: =IF(OR(L7="",M7=""),"",M7-L7) | Q7: =IF(OR(O7="",P7=""),"",P7-O7) | R7: =IF(B7="","",IF(J7>=1,"Complete",IF(AND(P7<>"",P7<0),"Late",IF(OR(AND(K7<>"",K7<=-10),AND(Q7<>"",Q7<0),AND(H7<>"",H7>0)),"Watch","On track")))) | S7: =IF(OR(B7="",Q7=""),"",IF(Q7<0,"▼ float down "&-Q7,IF(Q7>0,"▲ float up "&Q7,"● steady"))) | U7: =IF(OR(R7="Late",R7="Watch"),COUNTIF($R$7:R7,"Late")+COUNTIF($R$7:R7,"Watch"),"")
H8: =IF(OR(F8="",G8=""),"",G8-F8) | K8: =IF(OR(B8="",I8="",J8=""),"",(J8-I8)*100) | N8: =IF(OR(L8="",M8=""),"",M8-L8) | Q8: =IF(OR(O8="",P8=""),"",P8-O8) | R8: =IF(B8="","",IF(J8>=1,"Complete",IF(AND(P8<>"",P8<0),"Late",IF(OR(AND(K8<>"",K8<=-10),AND(Q8<>"",Q8<0),AND(H8<>"",H8>0)),"Watch","On track")))) | S8: =IF(OR(B8="",Q8=""),"",IF(Q8<0,"▼ float down "&-Q8,IF(Q8>0,"▲ float up "&Q8,"● steady"))) | U8: =IF(OR(R8="Late",R8="Watch"),COUNTIF($R$7:R8,"Late")+COUNTIF($R$7:R8,"Watch"),"")
H9: =IF(OR(F9="",G9=""),"",G9-F9) | K9: =IF(OR(B9="",I9="",J9=""),"",(J9-I9)*100) | N9: =IF(OR(L9="",M9=""),"",M9-L9) | Q9: =IF(OR(O9="",P9=""),"",P9-O9) | R9: =IF(B9="","",IF(J9>=1,"Complete",IF(AND(P9<>"",P9<0),"Late",IF(OR(AND(K9<>"",K9<=-10),AND(Q9<>"",Q9<0),AND(H9<>"",H9>0)),"Watch","On track")))) | S9: =IF(OR(B9="",Q9=""),"",IF(Q9<0,"▼ float down "&-Q9,IF(Q9>0,"▲ float up "&Q9,"● steady"))) | U9: =IF(OR(R9="Late",R9="Watch"),COUNTIF($R$7:R9,"Late")+COUNTIF($R$7:R9,"Watch"),"")
H10: =IF(OR(F10="",G10=""),"",G10-F10) | K10: =IF(OR(B10="",I10="",J10=""),"",(J10-I10)*100) | N10: =IF(OR(L10="",M10=""),"",M10-L10) | Q10: =IF(OR(O10="",P10=""),"",P10-O10) | R10: =IF(B10="","",IF(J10>=1,"Complete",IF(AND(P10<>"",P10<0),"Late",IF(OR(AND(K10<>"",K10<=-10),AND(Q10<>"",Q10<0),AND(H10<>"",H10>0)),"Watch","On track")))) | S10: =IF(OR(B10="",Q10=""),"",IF(Q10<0,"▼ float down "&-Q10,IF(Q10>0,"▲ float up "&Q10,"● steady"))) | U10: =IF(OR(R10="Late",R10="Watch"),COUNTIF($R$7:R10,"Late")+COUNTIF($R$7:R10,"Watch"),"")
H11: =IF(OR(F11="",G11=""),"",G11-F11) | K11: =IF(OR(B11="",I11="",J11=""),"",(J11-I11)*100) | N11: =IF(OR(L11="",M11=""),"",M11-L11) | Q11: =IF(OR(O11="",P11=""),"",P11-O11) | R11: =IF(B11="","",IF(J11>=1,"Complete",IF(AND(P11<>"",P11<0),"Late",IF(OR(AND(K11<>"",K11<=-10),AND(Q11<>"",Q11<0),AND(H11<>"",H11>0)),"Watch","On track")))) | S11: =IF(OR(B11="",Q11=""),"",IF(Q11<0,"▼ float down "&-Q11,IF(Q11>0,"▲ float up "&Q11,"● steady"))) | U11: =IF(OR(R11="Late",R11="Watch"),COUNTIF($R$7:R11,"Late")+COUNTIF($R$7:R11,"Watch"),"")
H12: =IF(OR(F12="",G12=""),"",G12-F12) | K12: =IF(OR(B12="",I12="",J12=""),"",(J12-I12)*100) | N12: =IF(OR(L12="",M12=""),"",M12-L12) | Q12: =IF(OR(O12="",P12=""),"",P12-O12) | R12: =IF(B12="","",IF(J12>=1,"Complete",IF(AND(P12<>"",P12<0),"Late",IF(OR(AND(K12<>"",K12<=-10),AND(Q12<>"",Q12<0),AND(H12<>"",H12>0)),"Watch","On track")))) | S12: =IF(OR(B12="",Q12=""),"",IF(Q12<0,"▼ float down "&-Q12,IF(Q12>0,"▲ float up "&Q12,"● steady"))) | U12: =IF(OR(R12="Late",R12="Watch"),COUNTIF($R$7:R12,"Late")+COUNTIF($R$7:R12,"Watch"),"")
H13: =IF(OR(F13="",G13=""),"",G13-F13) | K13: =IF(OR(B13="",I13="",J13=""),"",(J13-I13)*100) | N13: =IF(OR(L13="",M13=""),"",M13-L13) | Q13: =IF(OR(O13="",P13=""),"",P13-O13) | R13: =IF(B13="","",IF(J13>=1,"Complete",IF(AND(P13<>"",P13<0),"Late",IF(OR(AND(K13<>"",K13<=-10),AND(Q13<>"",Q13<0),AND(H13<>"",H13>0)),"Watch","On track")))) | S13: =IF(OR(B13="",Q13=""),"",IF(Q13<0,"▼ float down "&-Q13,IF(Q13>0,"▲ float up "&Q13,"● steady"))) | U13: =IF(OR(R13="Late",R13="Watch"),COUNTIF($R$7:R13,"Late")+COUNTIF($R$7:R13,"Watch"),"")
H14: =IF(OR(F14="",G14=""),"",G14-F14) | K14: =IF(OR(B14="",I14="",J14=""),"",(J14-I14)*100) | N14: =IF(OR(L14="",M14=""),"",M14-L14) | Q14: =IF(OR(O14="",P14=""),"",P14-O14) | R14: =IF(B14="","",IF(J14>=1,"Complete",IF(AND(P14<>"",P14<0),"Late",IF(OR(AND(K14<>"",K14<=-10),AND(Q14<>"",Q14<0),AND(H14<>"",H14>0)),"Watch","On track")))) | S14: =IF(OR(B14="",Q14=""),"",IF(Q14<0,"▼ float down "&-Q14,IF(Q14>0,"▲ float up "&Q14,"● steady"))) | U14: =IF(OR(R14="Late",R14="Watch"),COUNTIF($R$7:R14,"Late")+COUNTIF($R$7:R14,"Watch"),"")
H15: =IF(OR(F15="",G15=""),"",G15-F15) | K15: =IF(OR(B15="",I15="",J15=""),"",(J15-I15)*100) | N15: =IF(OR(L15="",M15=""),"",M15-L15) | Q15: =IF(OR(O15="",P15=""),"",P15-O15) | R15: =IF(B15="","",IF(J15>=1,"Complete",IF(AND(P15<>"",P15<0),"Late",IF(OR(AND(K15<>"",K15<=-10),AND(Q15<>"",Q15<0),AND(H15<>"",H15>0)),"Watch","On track")))) | S15: =IF(OR(B15="",Q15=""),"",IF(Q15<0,"▼ float down "&-Q15,IF(Q15>0,"▲ float up "&Q15,"● steady"))) | U15: =IF(OR(R15="Late",R15="Watch"),COUNTIF($R$7:R15,"Late")+COUNTIF($R$7:R15,"Watch"),"")
H16: =IF(OR(F16="",G16=""),"",G16-F16) | K16: =IF(OR(B16="",I16="",J16=""),"",(J16-I16)*100) | N16: =IF(OR(L16="",M16=""),"",M16-L16) | Q16: =IF(OR(O16="",P16=""),"",P16-O16) | R16: =IF(B16="","",IF(J16>=1,"Complete",IF(AND(P16<>"",P16<0),"Late",IF(OR(AND(K16<>"",K16<=-10),AND(Q16<>"",Q16<0),AND(H16<>"",H16>0)),"Watch","On track")))) | S16: =IF(OR(B16="",Q16=""),"",IF(Q16<0,"▼ float down "&-Q16,IF(Q16>0,"▲ float up "&Q16,"● steady"))) | U16: =IF(OR(R16="Late",R16="Watch"),COUNTIF($R$7:R16,"Late")+COUNTIF($R$7:R16,"Watch"),"")
H17: =IF(OR(F17="",G17=""),"",G17-F17) | K17: =IF(OR(B17="",I17="",J17=""),"",(J17-I17)*100) | N17: =IF(OR(L17="",M17=""),"",M17-L17) | Q17: =IF(OR(O17="",P17=""),"",P17-O17) | R17: =IF(B17="","",IF(J17>=1,"Complete",IF(AND(P17<>"",P17<0),"Late",IF(OR(AND(K17<>"",K17<=-10),AND(Q17<>"",Q17<0),AND(H17<>"",H17>0)),"Watch","On track")))) | S17: =IF(OR(B17="",Q17=""),"",IF(Q17<0,"▼ float down "&-Q17,IF(Q17>0,"▲ float up "&Q17,"● steady"))) | U17: =IF(OR(R17="Late",R17="Watch"),COUNTIF($R$7:R17,"Late")+COUNTIF($R$7:R17,"Watch"),"")
H18: =IF(OR(F18="",G18=""),"",G18-F18) | K18: =IF(OR(B18="",I18="",J18=""),"",(J18-I18)*100) | N18: =IF(OR(L18="",M18=""),"",M18-L18) | Q18: =IF(OR(O18="",P18=""),"",P18-O18) | R18: =IF(B18="","",IF(J18>=1,"Complete",IF(AND(P18<>"",P18<0),"Late",IF(OR(AND(K18<>"",K18<=-10),AND(Q18<>"",Q18<0),AND(H18<>"",H18>0)),"Watch","On track")))) | S18: =IF(OR(B18="",Q18=""),"",IF(Q18<0,"▼ float down "&-Q18,IF(Q18>0,"▲ float up "&Q18,"● steady"))) | U18: =IF(OR(R18="Late",R18="Watch"),COUNTIF($R$7:R18,"Late")+COUNTIF($R$7:R18,"Watch"),"")
... H36: =IF(OR(F36="",G36=""),"",G36-F36) | K36: =IF(OR(B36="",I36="",J36=""),"",(J36-I36)*100) | N36: =IF(OR(L36="",M36=""),"",M36-L36) | Q36: =IF(OR(O36="",P36=""),"",P36-O36) | R36: =IF(B36="","",IF(J36>=1,"Complete",IF(AND(P36<>"",P36<0),"Late",IF(OR(AND(K36<>"",K36<=-10),AND(Q36<>"",Q36<0),AND(H36<>"",H36>0)),"Watch","On track")))) | S36: =IF(OR(B36="",Q36=""),"",IF(Q36<0,"▼ float down "&-Q36,IF(Q36>0,"▲ float up "&Q36,"● steady"))) | U36: =IF(OR(R36="Late",R36="Watch"),COUNTIF($R$7:R36,"Late")+COUNTIF($R$7:R36,"Watch"),"")
B38: Weighted progress, whole report | E38: =SUM(E7:E36) | I38: =IF(SUM(E7:E36)=0,"",SUMPRODUCT(E7:E36,I7:I36)/SUM(E7:E36)) | J38: =IF(SUM(E7:E36)=0,"",SUMPRODUCT(E7:E36,J7:J36)/SUM(E7:E36)) | K38: =IF(I38="","",(J38-I38)*100)
B39: Weights should add up to 100. Use value or budget share, not duration.
B41: Late | E41: =COUNTIF(R7:R36,"Late")
B42: Watch | E42: =COUNTIF(R7:R36,"Watch")
B43: On track | E43: =COUNTIF(R7:R36,"On track")
B44: Complete | E44: =COUNTIF(R7:R36,"Complete")

Sheet S-curve
A1: S-curve | H1: The Project Control Hub
A2: Cumulative progress, planned against actual, week by week.
A3: Planned comes from the baseline once. Each Friday add the actual figure from the Progress total.
A6: Week | B6: Week ending | C6: Planned (cumulative) | D6: Actual (cumulative) | E6: Gap (pts) | G6: This week, from the Progress sheet
A7: 1 | B7: =IF(Setup!$B$11="","",Setup!$B$11+7*(A7-1)) | E7: =IF(OR(C7="",D7=""),"",ROUND((D7-C7)*100,0)) | G7: Planned | H7: =Progress!I38
A8: 2 | B8: =IF(Setup!$B$11="","",Setup!$B$11+7*(A8-1)) | E8: =IF(OR(C8="",D8=""),"",ROUND((D8-C8)*100,0)) | G8: Actual | H8: =Progress!J38
A9: 3 | B9: =IF(Setup!$B$11="","",Setup!$B$11+7*(A9-1)) | E9: =IF(OR(C9="",D9=""),"",ROUND((D9-C9)*100,0)) | G9: Type these into this week’s row.
A10: 4 | B10: =IF(Setup!$B$11="","",Setup!$B$11+7*(A10-1)) | E10: =IF(OR(C10="",D10=""),"",ROUND((D10-C10)*100,0))
A11: 5 | B11: =IF(Setup!$B$11="","",Setup!$B$11+7*(A11-1)) | E11: =IF(OR(C11="",D11=""),"",ROUND((D11-C11)*100,0))
A12: 6 | B12: =IF(Setup!$B$11="","",Setup!$B$11+7*(A12-1)) | E12: =IF(OR(C12="",D12=""),"",ROUND((D12-C12)*100,0))
A13: 7 | B13: =IF(Setup!$B$11="","",Setup!$B$11+7*(A13-1)) | E13: =IF(OR(C13="",D13=""),"",ROUND((D13-C13)*100,0))
A14: 8 | B14: =IF(Setup!$B$11="","",Setup!$B$11+7*(A14-1)) | E14: =IF(OR(C14="",D14=""),"",ROUND((D14-C14)*100,0))
A15: 9 | B15: =IF(Setup!$B$11="","",Setup!$B$11+7*(A15-1)) | E15: =IF(OR(C15="",D15=""),"",ROUND((D15-C15)*100,0))
A16: 10 | B16: =IF(Setup!$B$11="","",Setup!$B$11+7*(A16-1)) | E16: =IF(OR(C16="",D16=""),"",ROUND((D16-C16)*100,0))
A17: 11 | B17: =IF(Setup!$B$11="","",Setup!$B$11+7*(A17-1)) | E17: =IF(OR(C17="",D17=""),"",ROUND((D17-C17)*100,0))
A18: 12 | B18: =IF(Setup!$B$11="","",Setup!$B$11+7*(A18-1)) | E18: =IF(OR(C18="",D18=""),"",ROUND((D18-C18)*100,0))
A19: 13 | B19: =IF(Setup!$B$11="","",Setup!$B$11+7*(A19-1)) | E19: =IF(OR(C19="",D19=""),"",ROUND((D19-C19)*100,0))
A20: 14 | B20: =IF(Setup!$B$11="","",Setup!$B$11+7*(A20-1)) | E20: =IF(OR(C20="",D20=""),"",ROUND((D20-C20)*100,0))
A21: 15 | B21: =IF(Setup!$B$11="","",Setup!$B$11+7*(A21-1)) | E21: =IF(OR(C21="",D21=""),"",ROUND((D21-C21)*100,0))
... A46: 40 | B46: =IF(Setup!$B$11="","",Setup!$B$11+7*(A46-1)) | E46: =IF(OR(C46="",D46=""),"",ROUND((D46-C46)*100,0))

Sheet Float trend
A1: Float trend | J1: The Project Control Hub
A2: Total float on the activities that matter, week by week.
A3: Read the slope, not the number. A line heading for zero is next month’s crisis, visible now.
A6: Activity
A18: The last two columns should match "Float last week" and "Float this week" on Progress.
A19: Next week: copy columns C to I one place left, and type the new week in I.

Sheet Look-ahead
A1: Look-ahead · next two weeks | U1: The Project Control Hub
A2: Prepared by construction, consolidated and challenged by project controls.
A3: Answer all six tests with Y or N. Anything that is not Ready goes to the Constraints sheet, not into the plan.
A6: ID | B6: Activity | C6: Area | D6: Start | E6: Finish | F6: Crew | G6: Drawing | H6: Material | I6: Plant | J6: Labour | K6: Permit | L6: Access | M6: Passed | N6: Ready? | O6: Blocked by | P6: On last week’s list? | Q6: Weeks on the list | R6: Note | T6: This look-ahead
M7: =IF(B7="","",COUNTIF(G7:L7,"Y")&" / 6") | N7: =IF(B7="","",IF(COUNTIF(G7:L7,"Y")=6,"Ready","Not ready")) | O7: =IF(B7="","",IF(COUNTIF(G7:L7,"Y")=6,"—",IF(COUNTIF(G7:L7,"N")=0,"Answer all six tests",MID(IF(G7="N",", Drawing","")&IF(H7="N",", Material","")&IF(I7="N",", Plant","")&IF(J7="N",", Labour","")&IF(K7="N",", Permit","")&IF(L7="N",", Access",""),3,200)))) | T7: Items | U7: =COUNTA(B7:B36)
M8: =IF(B8="","",COUNTIF(G8:L8,"Y")&" / 6") | N8: =IF(B8="","",IF(COUNTIF(G8:L8,"Y")=6,"Ready","Not ready")) | O8: =IF(B8="","",IF(COUNTIF(G8:L8,"Y")=6,"—",IF(COUNTIF(G8:L8,"N")=0,"Answer all six tests",MID(IF(G8="N",", Drawing","")&IF(H8="N",", Material","")&IF(I8="N",", Plant","")&IF(J8="N",", Labour","")&IF(K8="N",", Permit","")&IF(L8="N",", Access",""),3,200)))) | T8: Ready (all six tests) | U8: =COUNTIF(N7:N36,"Ready")
M9: =IF(B9="","",COUNTIF(G9:L9,"Y")&" / 6") | N9: =IF(B9="","",IF(COUNTIF(G9:L9,"Y")=6,"Ready","Not ready")) | O9: =IF(B9="","",IF(COUNTIF(G9:L9,"Y")=6,"—",IF(COUNTIF(G9:L9,"N")=0,"Answer all six tests",MID(IF(G9="N",", Drawing","")&IF(H9="N",", Material","")&IF(I9="N",", Plant","")&IF(J9="N",", Labour","")&IF(K9="N",", Permit","")&IF(L9="N",", Access",""),3,200)))) | T9: Ready share | U9: =IF(U7=0,"",U8/U7)
M10: =IF(B10="","",COUNTIF(G10:L10,"Y")&" / 6") | N10: =IF(B10="","",IF(COUNTIF(G10:L10,"Y")=6,"Ready","Not ready")) | O10: =IF(B10="","",IF(COUNTIF(G10:L10,"Y")=6,"—",IF(COUNTIF(G10:L10,"N")=0,"Answer all six tests",MID(IF(G10="N",", Drawing","")&IF(H10="N",", Material","")&IF(I10="N",", Plant","")&IF(J10="N",", Labour","")&IF(K10="N",", Permit","")&IF(L10="N",", Access",""),3,200)))) | T10: Repeats from last week | U10: =COUNTIF(P7:P36,"Y")
M11: =IF(B11="","",COUNTIF(G11:L11,"Y")&" / 6") | N11: =IF(B11="","",IF(COUNTIF(G11:L11,"Y")=6,"Ready","Not ready")) | O11: =IF(B11="","",IF(COUNTIF(G11:L11,"Y")=6,"—",IF(COUNTIF(G11:L11,"N")=0,"Answer all six tests",MID(IF(G11="N",", Drawing","")&IF(H11="N",", Material","")&IF(I11="N",", Plant","")&IF(J11="N",", Labour","")&IF(K11="N",", Permit","")&IF(L11="N",", Access",""),3,200)))) | T11: Repeat share | U11: =IF(U7=0,"",U10/U7)
M12: =IF(B12="","",COUNTIF(G12:L12,"Y")&" / 6") | N12: =IF(B12="","",IF(COUNTIF(G12:L12,"Y")=6,"Ready","Not ready")) | O12: =IF(B12="","",IF(COUNTIF(G12:L12,"Y")=6,"—",IF(COUNTIF(G12:L12,"N")=0,"Answer all six tests",MID(IF(G12="N",", Drawing","")&IF(H12="N",", Material","")&IF(I12="N",", Plant","")&IF(J12="N",", Labour","")&IF(K12="N",", Permit","")&IF(L12="N",", Access",""),3,200)))) | T12: On the list 3 weeks or more | U12: =COUNTIF(Q7:Q36,">=3")
M13: =IF(B13="","",COUNTIF(G13:L13,"Y")&" / 6") | N13: =IF(B13="","",IF(COUNTIF(G13:L13,"Y")=6,"Ready","Not ready")) | O13: =IF(B13="","",IF(COUNTIF(G13:L13,"Y")=6,"—",IF(COUNTIF(G13:L13,"N")=0,"Answer all six tests",MID(IF(G13="N",", Drawing","")&IF(H13="N",", Material","")&IF(I13="N",", Plant","")&IF(J13="N",", Labour","")&IF(K13="N",", Permit","")&IF(L13="N",", Access",""),3,200))))
M14: =IF(B14="","",COUNTIF(G14:L14,"Y")&" / 6") | N14: =IF(B14="","",IF(COUNTIF(G14:L14,"Y")=6,"Ready","Not ready")) | O14: =IF(B14="","",IF(COUNTIF(G14:L14,"Y")=6,"—",IF(COUNTIF(G14:L14,"N")=0,"Answer all six tests",MID(IF(G14="N",", Drawing","")&IF(H14="N",", Material","")&IF(I14="N",", Plant","")&IF(J14="N",", Labour","")&IF(K14="N",", Permit","")&IF(L14="N",", Access",""),3,200)))) | T14: Which test stops work
M15: =IF(B15="","",COUNTIF(G15:L15,"Y")&" / 6") | N15: =IF(B15="","",IF(COUNTIF(G15:L15,"Y")=6,"Ready","Not ready")) | O15: =IF(B15="","",IF(COUNTIF(G15:L15,"Y")=6,"—",IF(COUNTIF(G15:L15,"N")=0,"Answer all six tests",MID(IF(G15="N",", Drawing","")&IF(H15="N",", Material","")&IF(I15="N",", Plant","")&IF(J15="N",", Labour","")&IF(K15="N",", Permit","")&IF(L15="N",", Access",""),3,200)))) | T15: Drawing | U15: =COUNTIF(G7:G36,"N")
M16: =IF(B16="","",COUNTIF(G16:L16,"Y")&" / 6") | N16: =IF(B16="","",IF(COUNTIF(G16:L16,"Y")=6,"Ready","Not ready")) | O16: =IF(B16="","",IF(COUNTIF(G16:L16,"Y")=6,"—",IF(COUNTIF(G16:L16,"N")=0,"Answer all six tests",MID(IF(G16="N",", Drawing","")&IF(H16="N",", Material","")&IF(I16="N",", Plant","")&IF(J16="N",", Labour","")&IF(K16="N",", Permit","")&IF(L16="N",", Access",""),3,200)))) | T16: Material | U16: =COUNTIF(H7:H36,"N")
M17: =IF(B17="","",COUNTIF(G17:L17,"Y")&" / 6") | N17: =IF(B17="","",IF(COUNTIF(G17:L17,"Y")=6,"Ready","Not ready")) | O17: =IF(B17="","",IF(COUNTIF(G17:L17,"Y")=6,"—",IF(COUNTIF(G17:L17,"N")=0,"Answer all six tests",MID(IF(G17="N",", Drawing","")&IF(H17="N",", Material","")&IF(I17="N",", Plant","")&IF(J17="N",", Labour","")&IF(K17="N",", Permit","")&IF(L17="N",", Access",""),3,200)))) | T17: Plant | U17: =COUNTIF(I7:I36,"N")
M18: =IF(B18="","",COUNTIF(G18:L18,"Y")&" / 6") | N18: =IF(B18="","",IF(COUNTIF(G18:L18,"Y")=6,"Ready","Not ready")) | O18: =IF(B18="","",IF(COUNTIF(G18:L18,"Y")=6,"—",IF(COUNTIF(G18:L18,"N")=0,"Answer all six tests",MID(IF(G18="N",", Drawing","")&IF(H18="N",", Material","")&IF(I18="N",", Plant","")&IF(J18="N",", Labour","")&IF(K18="N",", Permit","")&IF(L18="N",", Access",""),3,200)))) | T18: Labour | U18: =COUNTIF(J7:J36,"N")
M19: =IF(B19="","",COUNTIF(G19:L19,"Y")&" / 6") | N19: =IF(B19="","",IF(COUNTIF(G19:L19,"Y")=6,"Ready","Not ready")) | O19: =IF(B19="","",IF(COUNTIF(G19:L19,"Y")=6,"—",IF(COUNTIF(G19:L19,"N")=0,"Answer all six tests",MID(IF(G19="N",", Drawing","")&IF(H19="N",", Material","")&IF(I19="N",", Plant","")&IF(J19="N",", Labour","")&IF(K19="N",", Permit","")&IF(L19="N",", Access",""),3,200)))) | T19: Permit | U19: =COUNTIF(K7:K36,"N")
M20: =IF(B20="","",COUNTIF(G20:L20,"Y")&" / 6") | N20: =IF(B20="","",IF(COUNTIF(G20:L20,"Y")=6,"Ready","Not ready")) | O20: =IF(B20="","",IF(COUNTIF(G20:L20,"Y")=6,"—",IF(COUNTIF(G20:L20,"N")=0,"Answer all six tests",MID(IF(G20="N",", Drawing","")&IF(H20="N",", Material","")&IF(I20="N",", Plant","")&IF(J20="N",", Labour","")&IF(K20="N",", Permit","")&IF(L20="N",", Access",""),3,200)))) | T20: Access | U20: =COUNTIF(L7:L36,"N")
M21: =IF(B21="","",COUNTIF(G21:L21,"Y")&" / 6") | N21: =IF(B21="","",IF(COUNTIF(G21:L21,"Y")=6,"Ready","Not ready")) | O21: =IF(B21="","",IF(COUNTIF(G21:L21,"Y")=6,"—",IF(COUNTIF(G21:L21,"N")=0,"Answer all six tests",MID(IF(G21="N",", Drawing","")&IF(H21="N",", Material","")&IF(I21="N",", Plant","")&IF(J21="N",", Labour","")&IF(K21="N",", Permit","")&IF(L21="N",", Access",""),3,200))))
M22: =IF(B22="","",COUNTIF(G22:L22,"Y")&" / 6") | N22: =IF(B22="","",IF(COUNTIF(G22:L22,"Y")=6,"Ready","Not ready")) | O22: =IF(B22="","",IF(COUNTIF(G22:L22,"Y")=6,"—",IF(COUNTIF(G22:L22,"N")=0,"Answer all six tests",MID(IF(G22="N",", Drawing","")&IF(H22="N",", Material","")&IF(I22="N",", Plant","")&IF(J22="N",", Labour","")&IF(K22="N",", Permit","")&IF(L22="N",", Access",""),3,200)))) | T22: Mostly repeats means a list of blocked work, not a plan.
M23: =IF(B23="","",COUNTIF(G23:L23,"Y")&" / 6") | N23: =IF(B23="","",IF(COUNTIF(G23:L23,"Y")=6,"Ready","Not ready")) | O23: =IF(B23="","",IF(COUNTIF(G23:L23,"Y")=6,"—",IF(COUNTIF(G23:L23,"N")=0,"Answer all six tests",MID(IF(G23="N",", Drawing","")&IF(H23="N",", Material","")&IF(I23="N",", Plant","")&IF(J23="N",", Labour","")&IF(K23="N",", Permit","")&IF(L23="N",", Access",""),3,200))))
M24: =IF(B24="","",COUNTIF(G24:L24,"Y")&" / 6") | N24: =IF(B24="","",IF(COUNTIF(G24:L24,"Y")=6,"Ready","Not ready")) | O24: =IF(B24="","",IF(COUNTIF(G24:L24,"Y")=6,"—",IF(COUNTIF(G24:L24,"N")=0,"Answer all six tests",MID(IF(G24="N",", Drawing","")&IF(H24="N",", Material","")&IF(I24="N",", Plant","")&IF(J24="N",", Labour","")&IF(K24="N",", Permit","")&IF(L24="N",", Access",""),3,200))))
M25: =IF(B25="","",COUNTIF(G25:L25,"Y")&" / 6") | N25: =IF(B25="","",IF(COUNTIF(G25:L25,"Y")=6,"Ready","Not ready")) | O25: =IF(B25="","",IF(COUNTIF(G25:L25,"Y")=6,"—",IF(COUNTIF(G25:L25,"N")=0,"Answer all six tests",MID(IF(G25="N",", Drawing","")&IF(H25="N",", Material","")&IF(I25="N",", Plant","")&IF(J25="N",", Labour","")&IF(K25="N",", Permit","")&IF(L25="N",", Access",""),3,200))))
M26: =IF(B26="","",COUNTIF(G26:L26,"Y")&" / 6") | N26: =IF(B26="","",IF(COUNTIF(G26:L26,"Y")=6,"Ready","Not ready")) | O26: =IF(B26="","",IF(COUNTIF(G26:L26,"Y")=6,"—",IF(COUNTIF(G26:L26,"N")=0,"Answer all six tests",MID(IF(G26="N",", Drawing","")&IF(H26="N",", Material","")&IF(I26="N",", Plant","")&IF(J26="N",", Labour","")&IF(K26="N",", Permit","")&IF(L26="N",", Access",""),3,200))))
M27: =IF(B27="","",COUNTIF(G27:L27,"Y")&" / 6") | N27: =IF(B27="","",IF(COUNTIF(G27:L27,"Y")=6,"Ready","Not ready")) | O27: =IF(B27="","",IF(COUNTIF(G27:L27,"Y")=6,"—",IF(COUNTIF(G27:L27,"N")=0,"Answer all six tests",MID(IF(G27="N",", Drawing","")&IF(H27="N",", Material","")&IF(I27="N",", Plant","")&IF(J27="N",", Labour","")&IF(K27="N",", Permit","")&IF(L27="N",", Access",""),3,200))))
M28: =IF(B28="","",COUNTIF(G28:L28,"Y")&" / 6") | N28: =IF(B28="","",IF(COUNTIF(G28:L28,"Y")=6,"Ready","Not ready")) | O28: =IF(B28="","",IF(COUNTIF(G28:L28,"Y")=6,"—",IF(COUNTIF(G28:L28,"N")=0,"Answer all six tests",MID(IF(G28="N",", Drawing","")&IF(H28="N",", Material","")&IF(I28="N",", Plant","")&IF(J28="N",", Labour","")&IF(K28="N",", Permit","")&IF(L28="N",", Access",""),3,200))))
M29: =IF(B29="","",COUNTIF(G29:L29,"Y")&" / 6") | N29: =IF(B29="","",IF(COUNTIF(G29:L29,"Y")=6,"Ready","Not ready")) | O29: =IF(B29="","",IF(COUNTIF(G29:L29,"Y")=6,"—",IF(COUNTIF(G29:L29,"N")=0,"Answer all six tests",MID(IF(G29="N",", Drawing","")&IF(H29="N",", Material","")&IF(I29="N",", Plant","")&IF(J29="N",", Labour","")&IF(K29="N",", Permit","")&IF(L29="N",", Access",""),3,200))))
M30: =IF(B30="","",COUNTIF(G30:L30,"Y")&" / 6") | N30: =IF(B30="","",IF(COUNTIF(G30:L30,"Y")=6,"Ready","Not ready")) | O30: =IF(B30="","",IF(COUNTIF(G30:L30,"Y")=6,"—",IF(COUNTIF(G30:L30,"N")=0,"Answer all six tests",MID(IF(G30="N",", Drawing","")&IF(H30="N",", Material","")&IF(I30="N",", Plant","")&IF(J30="N",", Labour","")&IF(K30="N",", Permit","")&IF(L30="N",", Access",""),3,200))))
M31: =IF(B31="","",COUNTIF(G31:L31,"Y")&" / 6") | N31: =IF(B31="","",IF(COUNTIF(G31:L31,"Y")=6,"Ready","Not ready")) | O31: =IF(B31="","",IF(COUNTIF(G31:L31,"Y")=6,"—",IF(COUNTIF(G31:L31,"N")=0,"Answer all six tests",MID(IF(G31="N",", Drawing","")&IF(H31="N",", Material","")&IF(I31="N",", Plant","")&IF(J31="N",", Labour","")&IF(K31="N",", Permit","")&IF(L31="N",", Access",""),3,200))))
M32: =IF(B32="","",COUNTIF(G32:L32,"Y")&" / 6") | N32: =IF(B32="","",IF(COUNTIF(G32:L32,"Y")=6,"Ready","Not ready")) | O32: =IF(B32="","",IF(COUNTIF(G32:L32,"Y")=6,"—",IF(COUNTIF(G32:L32,"N")=0,"Answer all six tests",MID(IF(G32="N",", Drawing","")&IF(H32="N",", Material","")&IF(I32="N",", Plant","")&IF(J32="N",", Labour","")&IF(K32="N",", Permit","")&IF(L32="N",", Access",""),3,200))))
M33: =IF(B33="","",COUNTIF(G33:L33,"Y")&" / 6") | N33: =IF(B33="","",IF(COUNTIF(G33:L33,"Y")=6,"Ready","Not ready")) | O33: =IF(B33="","",IF(COUNTIF(G33:L33,"Y")=6,"—",IF(COUNTIF(G33:L33,"N")=0,"Answer all six tests",MID(IF(G33="N",", Drawing","")&IF(H33="N",", Material","")&IF(I33="N",", Plant","")&IF(J33="N",", Labour","")&IF(K33="N",", Permit","")&IF(L33="N",", Access",""),3,200))))
M34: =IF(B34="","",COUNTIF(G34:L34,"Y")&" / 6") | N34: =IF(B34="","",IF(COUNTIF(G34:L34,"Y")=6,"Ready","Not ready")) | O34: =IF(B34="","",IF(COUNTIF(G34:L34,"Y")=6,"—",IF(COUNTIF(G34:L34,"N")=0,"Answer all six tests",MID(IF(G34="N",", Drawing","")&IF(H34="N",", Material","")&IF(I34="N",", Plant","")&IF(J34="N",", Labour","")&IF(K34="N",", Permit","")&IF(L34="N",", Access",""),3,200))))
... M36: =IF(B36="","",COUNTIF(G36:L36,"Y")&" / 6") | N36: =IF(B36="","",IF(COUNTIF(G36:L36,"Y")=6,"Ready","Not ready")) | O36: =IF(B36="","",IF(COUNTIF(G36:L36,"Y")=6,"—",IF(COUNTIF(G36:L36,"N")=0,"Answer all six tests",MID(IF(G36="N",", Drawing","")&IF(H36="N",", Material","")&IF(I36="N",", Plant","")&IF(J36="N",", Labour","")&IF(K36="N",", Permit","")&IF(L36="N",", Access",""),3,200))))

Sheet Constraints
A1: Constraint log | K1: The Project Control Hub
A2: Blocked work lives here, where somebody has to close it.
A3: One row per failing test. A constraint is closed with a date and the evidence, never by being forgotten.
A6: ID | B6: Activity | C6: Failing test | D6: Constraint | E6: Owner | F6: Raised | G6: Needed by | H6: Closed on | I6: Days open | J6: Status | K6: Evidence of closure
I7: =IF(OR(B7="",F7=""),"",IF(H7<>"",H7-F7,Setup!$B$10-F7)) | J7: =IF(B7="","",IF(H7<>"","Closed",IF(AND(G7<>"",Setup!$B$10>G7),"Overdue","Open")))
I8: =IF(OR(B8="",F8=""),"",IF(H8<>"",H8-F8,Setup!$B$10-F8)) | J8: =IF(B8="","",IF(H8<>"","Closed",IF(AND(G8<>"",Setup!$B$10>G8),"Overdue","Open")))
I9: =IF(OR(B9="",F9=""),"",IF(H9<>"",H9-F9,Setup!$B$10-F9)) | J9: =IF(B9="","",IF(H9<>"","Closed",IF(AND(G9<>"",Setup!$B$10>G9),"Overdue","Open")))
I10: =IF(OR(B10="",F10=""),"",IF(H10<>"",H10-F10,Setup!$B$10-F10)) | J10: =IF(B10="","",IF(H10<>"","Closed",IF(AND(G10<>"",Setup!$B$10>G10),"Overdue","Open")))
I11: =IF(OR(B11="",F11=""),"",IF(H11<>"",H11-F11,Setup!$B$10-F11)) | J11: =IF(B11="","",IF(H11<>"","Closed",IF(AND(G11<>"",Setup!$B$10>G11),"Overdue","Open")))
I12: =IF(OR(B12="",F12=""),"",IF(H12<>"",H12-F12,Setup!$B$10-F12)) | J12: =IF(B12="","",IF(H12<>"","Closed",IF(AND(G12<>"",Setup!$B$10>G12),"Overdue","Open")))
I13: =IF(OR(B13="",F13=""),"",IF(H13<>"",H13-F13,Setup!$B$10-F13)) | J13: =IF(B13="","",IF(H13<>"","Closed",IF(AND(G13<>"",Setup!$B$10>G13),"Overdue","Open")))
I14: =IF(OR(B14="",F14=""),"",IF(H14<>"",H14-F14,Setup!$B$10-F14)) | J14: =IF(B14="","",IF(H14<>"","Closed",IF(AND(G14<>"",Setup!$B$10>G14),"Overdue","Open")))
I15: =IF(OR(B15="",F15=""),"",IF(H15<>"",H15-F15,Setup!$B$10-F15)) | J15: =IF(B15="","",IF(H15<>"","Closed",IF(AND(G15<>"",Setup!$B$10>G15),"Overdue","Open")))
I16: =IF(OR(B16="",F16=""),"",IF(H16<>"",H16-F16,Setup!$B$10-F16)) | J16: =IF(B16="","",IF(H16<>"","Closed",IF(AND(G16<>"",Setup!$B$10>G16),"Overdue","Open")))
I17: =IF(OR(B17="",F17=""),"",IF(H17<>"",H17-F17,Setup!$B$10-F17)) | J17: =IF(B17="","",IF(H17<>"","Closed",IF(AND(G17<>"",Setup!$B$10>G17),"Overdue","Open")))
I18: =IF(OR(B18="",F18=""),"",IF(H18<>"",H18-F18,Setup!$B$10-F18)) | J18: =IF(B18="","",IF(H18<>"","Closed",IF(AND(G18<>"",Setup!$B$10>G18),"Overdue","Open")))
... I46: =IF(OR(B46="",F46=""),"",IF(H46<>"",H46-F46,Setup!$B$10-F46)) | J46: =IF(B46="","",IF(H46<>"","Closed",IF(AND(G46<>"",Setup!$B$10>G46),"Overdue","Open")))

Sheet Actions
A1: Actions | K1: The Project Control Hub
A2: What the meeting decided: a person, a date, and what done looks like.
A3: Close an action with a name, a date and the evidence. An action nobody can categorise was never an action.
A6: No. | B6: Raised in | C6: Action | D6: Owner | E6: Due | F6: What done looks like | G6: Status | H6: Days overdue | I6: Closed by | J6: Closed on | K6: Evidence of closure
A7: 1 | H7: =IF(OR(C7="",E7="",G7="Closed"),"",IF(Setup!$B$10>E7,Setup!$B$10-E7,""))
A8: 2 | H8: =IF(OR(C8="",E8="",G8="Closed"),"",IF(Setup!$B$10>E8,Setup!$B$10-E8,""))
A9: 3 | H9: =IF(OR(C9="",E9="",G9="Closed"),"",IF(Setup!$B$10>E9,Setup!$B$10-E9,""))
A10: 4 | H10: =IF(OR(C10="",E10="",G10="Closed"),"",IF(Setup!$B$10>E10,Setup!$B$10-E10,""))
A11: 5 | H11: =IF(OR(C11="",E11="",G11="Closed"),"",IF(Setup!$B$10>E11,Setup!$B$10-E11,""))
A12: 6 | H12: =IF(OR(C12="",E12="",G12="Closed"),"",IF(Setup!$B$10>E12,Setup!$B$10-E12,""))
A13: 7 | H13: =IF(OR(C13="",E13="",G13="Closed"),"",IF(Setup!$B$10>E13,Setup!$B$10-E13,""))
A14: 8 | H14: =IF(OR(C14="",E14="",G14="Closed"),"",IF(Setup!$B$10>E14,Setup!$B$10-E14,""))
A15: 9 | H15: =IF(OR(C15="",E15="",G15="Closed"),"",IF(Setup!$B$10>E15,Setup!$B$10-E15,""))
A16: 10 | H16: =IF(OR(C16="",E16="",G16="Closed"),"",IF(Setup!$B$10>E16,Setup!$B$10-E16,""))
A17: 11 | H17: =IF(OR(C17="",E17="",G17="Closed"),"",IF(Setup!$B$10>E17,Setup!$B$10-E17,""))
A18: 12 | H18: =IF(OR(C18="",E18="",G18="Closed"),"",IF(Setup!$B$10>E18,Setup!$B$10-E18,""))
... A46: 40 | H46: =IF(OR(C46="",E46="",G46="Closed"),"",IF(Setup!$B$10>E46,Setup!$B$10-E46,""))

Sheet History
A1: History | I1: The Project Control Hub
A2: One row per week, so the Dashboard can show the trend.
A3: Every Friday: copy the blue "This week" row and use Paste Special → Values into the next empty row.
A5: This week (live)
A6: =Setup!B7 | B6: =Setup!B8 | C6: =Progress!I38 | D6: =Progress!J38 | E6: ='Look-ahead'!U9 | F6: ='Look-ahead'!U11 | H6: =COUNTIF(Constraints!J7:J46,"Open")+COUNTIF(Constraints!J7:J46,"Overdue") | I6: =COUNTIF(Actions!H7:H46,">0")
A7: Week | B7: Week ending | C7: Planned progress | D7: Actual progress | E7: Look-ahead ready | F7: Repeats | G7: Last week’s plan done | H7: Open constraints | I7: Overdue actions
